timestamp,ta_id,ta_slug,ta_name,course_name,session_id,query,answer,sources,chunk_count,latency_ms,retrieval_latency_ms,generation_latency_ms,token_count,total_chunks_in_ta,filters_applied,filter_match_count,retrieval_method,is_conceptual,score_top1,score_top8,score_mean,score_spread,chunk_scores,chunk_sources_detail,,,,,Human rating,Notes on human rating,Other developer notes
2026-01-25T03:35:14.857324Z,eRzHakv4s5nrJFp1,mgt402,MGT 402 Accounting,MGT 402 Accounting,w1pbQjahAv1B4usxS__zGg,Can you help me understand how to book transaction a) from the Grow Co. 1 assignment in T-accounts?,"Certainly! Let's walk through how to record transaction a) from the Grow Co. assignment in T-accounts.

Transaction a) states: Sales were $501.7, all made on account.

This transaction involves two main accounts:
1. **Accounts Receivable**: Since the sales were made on account, this means that the company hasn't received cash yet, but rather has a claim to receive cash in the future. Therefore, you'll record this as an increase (a debit) in Accounts Receivable.
2. **Sales Revenue**: This represents the income generated from these sales. Therefore, you'll record this as an increase (a credit) in Sales Revenue.

In T-account format, it would look like this:

- **Accounts Receivable T-account**:
  - Debit: $501.7 million (to increase Accounts Receivable)

- **Sales Revenue T-account**:
  - Credit: $501.7 million (to increase Sales Revenue)

Does this help clarify how to book transaction a) in T-accounts? Let me know if you have any other questions!","Class 5. Grow Co. I.pdf, Class 5. Grow Co. I.pdf, Class 5. Grow Co. I.pdf",6,5272,1270,3026,149,1553,"filename=Class 5. Grow Co. I.pdf, match_score=0.767",6,filtered,True,0.6759,0.3196,0.5256,0.3564,"[0.6759, 0.6539, 0.6414, 0.4898, 0.3731, 0.3196]","[""Class 5. Grow Co. I.pdf|homework|unit:5"", ""Class 5. Grow Co. I.pdf|homework|unit:5"", ""Class 5. Grow Co. I.pdf|homework|unit:5"", ""Class 5. Grow Co. I.pdf|homework|unit:5"", ""Class 5. Grow Co. I.pdf|homework|unit:5"", ""Class 5. Grow Co. I.pdf|homework|unit:5""]",,,,,Good,,
2026-01-25T03:35:39.350330Z,eRzHakv4s5nrJFp1,mgt402,MGT 402 Accounting,MGT 402 Accounting,_sXdDyOH2VUvoxETMSI_Vg,Can you help me understand how to book transaction h) from the Grow Co. 1 assignment in T-accounts?,"Certainly! To book transaction h) in T-accounts, we need to understand the nature of the transaction first:

Transaction h) states: ""Interest expense was $15.9.""

Here's how you can approach this:

1. **Identify the Accounts Involved**: 
   - **Interest Expense**: This is an expense account that increases with debits.
   - **Cash or Interest Payable**: Depending on whether the interest has been paid or is yet to be paid, you will either credit Cash if it's paid or Interest Payable if it's accrued but not yet paid.

2. **Record the Transaction in T-accounts**:
   - Debit the Interest Expense account to recognize the expense.
   - Credit either the Cash account (if the payment was made) or the Interest Payable account (if it is accrued and not yet paid).

3. **T-account Entries**:
   - **Interest Expense** (Debit): $15.9
   - **Cash or Interest Payable** (Credit): $15.9

If the interest payment was made in cash, you would credit the Cash account. If it was accrued and not yet paid, you would credit Interest Payable.

This transaction will increase the total expenses on the income statement and either decrease cash or increase liabilities on the balance sheet, depending on whether the interest was paid or accrued.","Class 5. Grow Co. I.pdf, Class 5. Grow Co. I.pdf, Class 5. Grow Co. I.pdf",6,5810,975,4679,197,1553,"filename=Class 5. Grow Co. I.pdf, match_score=0.767",6,filtered,True,0.663,0.327,0.5234,0.336,"[0.663, 0.6451, 0.6304, 0.4927, 0.3822, 0.327]","[""Class 5. Grow Co. I.pdf|homework|unit:5"", ""Class 5. Grow Co. I.pdf|homework|unit:5"", ""Class 5. Grow Co. I.pdf|homework|unit:5"", ""Class 5. Grow Co. I.pdf|homework|unit:5"", ""Class 5. Grow Co. I.pdf|homework|unit:5"", ""Class 5. Grow Co. I.pdf|homework|unit:5""]",,,,,Good,,
2026-01-25T03:36:08.462452Z,OoeOAnYRYEpNilLk,mgt404,MGT 404 Economics & Game Theory,MGT 404 Economics & Game Theory,e2nvF3K4yeQ7z11sN95HzQ,Please help me with problem 1a from the game theory extra problem set,"Sure! Let's walk through the process of finding player 1's dominant strategy in the given simultaneous-move game.

A dominant strategy for a player is one that results in a higher payoff than any other strategy, no matter what the other player does.

The game matrix you provided for Player 1 is:

- T: (100, 300, 200) against (L, C, R)
- M: (250, 500, 750) against (L, C, R)
- B: (0, 400, -100) against (L, C, R)

To identify Player 1’s dominant strategy, compare the payoffs for each of Player 1's strategies (T, M, B) across each column (L, C, R):

1. **Column L**: Compare the payoffs for T, M, and B.
   - T: 100
   - M: 250 (highest payoff)
   - B: 0

2. **Column C**: Compare the payoffs for T, M, and B.
   - T: 300
   - M: 500 (highest payoff)
   - B: 400

3. **Column R**: Compare the payoffs for T, M, and B.
   - T: 200
   - M: 750 (highest payoff)
   - B: -100

From this comparison, we can see that Player 1's strategy ""M"" yields the highest payoff across all columns, regardless of Player 2's choice (L, C, or R).

Thus, Player 1 has a dominant strategy, which is ""M"".

If you have more questions about this or need help with other parts of the problem, feel free to ask!","Game Theory Extra Problem Set.pdf, Game Theory Extra Problem Set.pdf, Game Theory Extra Problem Set.pdf",8,7207,1414,5641,225,1303,"filename=Game Theory Extra Problem Set.pdf, match_score=1.0",21,filtered,False,0.6628,0.422,0.4902,0.2408,"[0.6628, 0.4972, 0.4901, 0.4872, 0.4864, 0.4479, 0.4283, 0.422]","[""Game Theory Extra Problem Set.pdf|homework|unit:N/A"", ""Game Theory Extra Problem Set.pdf|homework|unit:N/A"", ""Game Theory Extra Problem Set.pdf|homework|unit:N/A"", ""Game Theory Extra Problem Set.pdf|homework|unit:N/A"", ""Game Theory Extra Problem Set.pdf|homework|unit:N/A"", ""Game Theory Extra Problem Set.pdf|homework|unit:N/A"", ""Game Theory Extra Problem Set.pdf|homework|unit:N/A"", ""Game Theory Extra Problem Set.pdf|homework|unit:N/A""]",,,,,Good,,
2026-01-25T03:36:41.256950Z,OoeOAnYRYEpNilLk,mgt404,MGT 404 Economics & Game Theory,MGT 404 Economics & Game Theory,Ehj6GnNn4waLJTr6sMUUUw,Please help me with problem 7a from the game theory extra problem set,"Problem 7a from the Game Theory Extra Problem Set is about price competition in the Manhattan pizza market. The question asks for an appropriate economic model to study this scenario.

In this context, you might want to consider a model that deals with firms competing on price. A common model used in such scenarios is the Bertrand competition model, where firms compete by setting prices simultaneously. In this model, the firm that offers the lower price captures the whole market, assuming that the products are homogeneous and customers choose based solely on price.

To study this scenario, you'd analyze how each pizza shop might set their pricing strategies, considering that they want to maximize their daily profits in the short run, as stated in the problem. You'll also want to consider whether the assumptions of the Bertrand model match the conditions described in the problem, such as the number of competitors and the nature of the competition.

Think about what happens if both shops set the same price and how this affects their profits and market share, as well as what might occur if one shop undercuts the other. This will help you determine the appropriate model and the dynamics in this competitive environment.","Game Theory Extra Problem Set.pdf, Game Theory Extra Problem Set.pdf, Game Theory Extra Problem Set.pdf",8,5206,1142,3925,204,1303,"filename=Game Theory Extra Problem Set.pdf, match_score=1.0",21,filtered,False,0.6171,0.3911,0.4625,0.226,"[0.6171, 0.4905, 0.4641, 0.4587, 0.4582, 0.4165, 0.4041, 0.3911]","[""Game Theory Extra Problem Set.pdf|homework|unit:N/A"", ""Game Theory Extra Problem Set.pdf|homework|unit:N/A"", ""Game Theory Extra Problem Set.pdf|homework|unit:N/A"", ""Game Theory Extra Problem Set.pdf|homework|unit:N/A"", ""Game Theory Extra Problem Set.pdf|homework|unit:N/A"", ""Game Theory Extra Problem Set.pdf|homework|unit:N/A"", ""Game Theory Extra Problem Set.pdf|homework|unit:N/A"", ""Game Theory Extra Problem Set.pdf|homework|unit:N/A""]",,,,,Good,,
2026-01-25T03:37:35.877976Z,OoeOAnYRYEpNilLk,mgt404,MGT 404 Economics & Game Theory,MGT 404 Economics & Game Theory,fDQoW08AEIC7qwdrTCqluQ,Please help me with problem 2a from the economics problem set 1,"Problem 2a from the Economics Problem Set 1 involves finding the market equilibrium in 2021. You're given the supply and demand functions for flights in the U.S. in that year. 

The supply function is \( Q_s(p) = 300 + 70p \) and the demand function is \( Q_d(p) = 600 - 30p \), where \( p \) is the price for a flight.

To find the equilibrium, you need to set the quantity supplied equal to the quantity demanded:

\[ Q_s(p) = Q_d(p) \]

This means you'll set the two equations equal to each other:

\[ 300 + 70p = 600 - 30p \]

From here, solve for \( p \), which represents the equilibrium price. Once you have the equilibrium price, substitute it back into either the supply or demand equation to find the equilibrium quantity. This will give you both the equilibrium price and quantity for 2021. 

Try working through the algebra to find these values, and if you need further guidance, feel free to ask!","MGT404_2025_ProblemSet1.pdf, MGT404_2025_ProblemSet1.pdf, MGT404_2025_ProblemSet1.pdf",8,3614,347,3123,168,1303,"doc_type=homework, assignment=1",19,filtered,False,0.5737,0.4339,0.4738,0.1399,"[0.5737, 0.5101, 0.4952, 0.451, 0.4459, 0.4442, 0.4367, 0.4339]","[""MGT404_2025_ProblemSet1.pdf|homework|unit:N/A"", ""MGT404_2025_ProblemSet1.pdf|homework|unit:N/A"", ""MGT404_2025_ProblemSet1.pdf|homework|unit:N/A"", ""MGT404_2025_ProblemSet1.pdf|homework|unit:N/A"", ""MGT404_2025_ProblemSet1.pdf|homework|unit:N/A"", ""MGT404_2025_ProblemSet1.pdf|homework|unit:N/A"", ""MGT404_2025_ProblemSet1.pdf|homework|unit:N/A"", ""MGT404_2025_ProblemSet1.pdf|homework|unit:N/A""]",,,,,Good,,
2026-01-25T03:38:46.456952Z,OoeOAnYRYEpNilLk,mgt404,MGT 404 Economics & Game Theory,MGT 404 Economics & Game Theory,CPnHfyTq1Kj-olJPjZYn_g,Please help me with problem 2f from the economics problem set 1,"It seems like the content for problem 2f from Problem Set 1 isn't explicitly included in the provided excerpts. However, I can help guide you on how to approach similar problems based on what's available.

For economic problems, particularly those involving supply and demand or subsidies, it's essential to understand a few key concepts:

1. **Equilibrium**: This is where the quantity demanded equals the quantity supplied. It's found by setting the demand function equal to the supply function and solving for the price.

2. **Elasticity**: This measures how sensitive the quantity demanded or supplied is to a change in price. You calculate it using the formula for elasticity, which involves the derivative of the demand or supply function with respect to price.

3. **Subsidies**: When a per-unit subsidy is given, it effectively lowers the cost for producers, which shifts the supply curve downward by the amount of the subsidy. You would adjust the supply function by subtracting the subsidy from the price term in the equation.

Since problem 2 involves a subsidy and it seems like you're on part f, it might be asking about the effects of the subsidy on the market or who benefits more from it. Generally, the incidence of a subsidy depends on the relative elasticities of supply and demand. The side of the market (consumers or producers) with the more inelastic curve tends to benefit more.

If you have specific details or equations from your problem set, you could use these concepts to analyze the situation. If you’re stuck, I suggest revisiting your course materials on supply, demand, elasticity, and subsidies to see how they apply to your specific problem.","MGT404_2025_ProblemSet1.pdf, MGT404_2025_ProblemSet1.pdf, MGT404_2025_ProblemSet1.pdf",8,4463,311,4002,275,1303,"doc_type=homework, assignment=1",19,filtered,False,0.5682,0.4288,0.4674,0.1394,"[0.5682, 0.505, 0.4881, 0.4468, 0.4344, 0.4341, 0.4334, 0.4288]","[""MGT404_2025_ProblemSet1.pdf|homework|unit:N/A"", ""MGT404_2025_ProblemSet1.pdf|homework|unit:N/A"", ""MGT404_2025_ProblemSet1.pdf|homework|unit:N/A"", ""MGT404_2025_ProblemSet1.pdf|homework|unit:N/A"", ""MGT404_2025_ProblemSet1.pdf|homework|unit:N/A"", ""MGT404_2025_ProblemSet1.pdf|homework|unit:N/A"", ""MGT404_2025_ProblemSet1.pdf|homework|unit:N/A"", ""MGT404_2025_ProblemSet1.pdf|homework|unit:N/A""]",,,,,Bad,Likely struggled due to distance between original problem 2 text and late subproblem f,
2026-01-25T03:39:49.112371Z,OoeOAnYRYEpNilLk,mgt404,MGT 404 Economics & Game Theory,MGT 404 Economics & Game Theory,1PwTcKbLHzMwM81e9Qf2mQ,Please help me with problem 2d from the economics problem set 1,"Based on the provided course material, I couldn't find any specific details about ""problem 2d"" from the economics problem set 1. However, I can guide you on how to approach solving typical problems involving market equilibrium and subsidies, as these are common themes in economic problem sets.

For such problems, you often need to:

1. **Identify the Supply and Demand Functions**: These are usually given in the form \( Q_s(p) \) for supply and \( Q_d(p) \) for demand, where \( p \) is the price.

2. **Solve for Equilibrium**: Set the supply function equal to the demand function to find the equilibrium price and quantity. This is the point where the quantity demanded equals the quantity supplied.

3. **Consider the Impact of a Subsidy**: A subsidy often shifts the supply curve. If the subsidy is per unit, it reduces the cost for suppliers, effectively shifting the supply curve downwards by the amount of the subsidy.

4. **New Equilibrium**: With the new effective supply curve, you would again equate supply and demand to find the new equilibrium price and quantity.

5. **Calculate Economic Surpluses**: You may be asked to find consumer surplus, producer surplus, or deadweight loss before and after the subsidy to assess its impact.

If you have the specific equations or further details about the problem, feel free to share them, and I can provide more tailored guidance!","MGT404_2025_ProblemSet1.pdf, MGT404_2025_ProblemSet1.pdf, MGT404_2025_ProblemSet1.pdf",8,5643,338,5164,230,1303,"doc_type=homework, assignment=1",19,filtered,False,0.5846,0.4074,0.461,0.1772,"[0.5846, 0.5029, 0.4758, 0.4464, 0.4291, 0.4215, 0.4206, 0.4074]","[""MGT404_2025_ProblemSet1.pdf|homework|unit:N/A"", ""MGT404_2025_ProblemSet1.pdf|homework|unit:N/A"", ""MGT404_2025_ProblemSet1.pdf|homework|unit:N/A"", ""MGT404_2025_ProblemSet1.pdf|homework|unit:N/A"", ""MGT404_2025_ProblemSet1.pdf|homework|unit:N/A"", ""MGT404_2025_ProblemSet1.pdf|homework|unit:N/A"", ""MGT404_2025_ProblemSet1.pdf|homework|unit:N/A"", ""MGT404_2025_ProblemSet1.pdf|homework|unit:N/A""]",,,,,Bad,Likely struggled due to distance between original problem 2 text and late subproblem d,
2026-01-25T03:40:26.643137Z,OoeOAnYRYEpNilLk,mgt404,MGT 404 Economics & Game Theory,MGT 404 Economics & Game Theory,4abpDtKLKMQhwsYaUX_shg,Please help me with problem 1a from the economics problem set 2,"Problem 1a from your problem set involves deriving the short-run variable cost function \( VC(q) \) from the provided production function for GreenLeaf Bags. Let's break down the steps to guide you through the process:

1. **Understand the Production Function**: The production function given is \( q = 2\sqrt{LK} \), where \( q \) is the output, \( L \) is labor hours, and \( K \) is the machine hours.

2. **Identify Costs**: 
   - Wage cost is \( w = \$25 \) per labor-hour.
   - Material cost is \( m = \$4 \) per bag.
   - The firm already has a fixed number of machine hours, \( K = 250 \), which is a sunk cost and doesn't affect the variable cost.

3. **Variable Cost Components**: 
   - The variable costs in this context will mainly stem from labor and materials since machine cost is sunk for the short run.
   - Variable cost of labor: This depends on \( L \), which you need to express in terms of \( q \) using the production function.
   - Variable cost of materials: Since it costs \( m \) per bag, this part is straightforward as it directly relates to \( q \).

4. **Express Labor in Terms of Output**: 
   - Rearrange the production function to express \( L \) in terms of \( q \) and \( K \).
   - Substitute \( L \) back into the cost equation to get \( VC(q) \).

5. **Combine for Total VC**: 
   - Add the labor and material costs to form the total variable cost function \( VC(q) \).

Using these steps, you can derive the short-run variable cost function. Let me know if you need further clarification on any step!","MGT404_2025_ProblemSet2.pdf, MGT404_2025_ProblemSet2.pdf, MGT404_2025_ProblemSet2.pdf",8,6669,252,6274,287,1303,"doc_type=homework, assignment=2",14,filtered,False,0.57,0.4286,0.451,0.1415,"[0.57, 0.4519, 0.4347, 0.4342, 0.4299, 0.4294, 0.4294, 0.4286]","[""MGT404_2025_ProblemSet2.pdf|homework|unit:5"", ""MGT404_2025_ProblemSet2.pdf|homework|unit:5"", ""MGT404_2025_ProblemSet2.pdf|homework|unit:5"", ""MGT404_2025_ProblemSet2.pdf|homework|unit:5"", ""MGT404_2025_ProblemSet2.pdf|homework|unit:5"", ""MGT404_2025_ProblemSet2.pdf|homework|unit:5"", ""MGT404_2025_ProblemSet2.pdf|homework|unit:5"", ""MGT404_2025_ProblemSet2.pdf|homework|unit:5""]",,,,,Good,,
2026-01-25T03:40:57.015330Z,OoeOAnYRYEpNilLk,mgt404,MGT 404 Economics & Game Theory,MGT 404 Economics & Game Theory,4abpDtKLKMQhwsYaUX_shg,Please help me with problem 1f from the economics problem set 2,"Problem 1f asks you to briefly state the returns to scale of the technology used by GreenLeaf Bags and justify your answer. This involves understanding how the output changes when you proportionally increase all inputs.

1. **Production Function**: You have the production function \( q = 2\sqrt{LK} \).

2. **Returns to Scale**: To determine the returns to scale, consider what happens when both inputs (L and K) are scaled by a constant factor, say \( t \). Substitute \( L \) with \( tL \) and \( K \) with \( tK \) in the production function and see how the output \( q \) changes.

3. **Analysis**: Calculate the new output when both inputs are scaled and compare it to the original output times the scale factor \( t \). This will help you determine if the technology exhibits increasing, constant, or decreasing returns to scale.

4. **Conclusion**: Based on your analysis, state whether the returns to scale are increasing, constant, or decreasing and provide a brief justification for your conclusion.

Try going through these steps and see how the output changes, and that should guide you to the answer.","MGT404_2025_ProblemSet2.pdf, MGT404_2025_ProblemSet2.pdf, MGT404_2025_ProblemSet2.pdf",8,3732,325,3262,191,1303,"doc_type=homework, assignment=2",14,filtered,False,0.5551,0.4141,0.4398,0.141,"[0.5551, 0.4338, 0.4315, 0.4236, 0.4231, 0.4225, 0.4148, 0.4141]","[""MGT404_2025_ProblemSet2.pdf|homework|unit:5"", ""MGT404_2025_ProblemSet2.pdf|homework|unit:5"", ""MGT404_2025_ProblemSet2.pdf|homework|unit:5"", ""MGT404_2025_ProblemSet2.pdf|homework|unit:5"", ""MGT404_2025_ProblemSet2.pdf|homework|unit:5"", ""MGT404_2025_ProblemSet2.pdf|homework|unit:5"", ""MGT404_2025_ProblemSet2.pdf|homework|unit:5"", ""MGT404_2025_ProblemSet2.pdf|homework|unit:5""]",,,,,Good,,
2026-01-25T03:41:56.793273Z,OoeOAnYRYEpNilLk,mgt404,MGT 404 Economics & Game Theory,MGT 404 Economics & Game Theory,4abpDtKLKMQhwsYaUX_shg,Please help me with problem 2d from the economics problem set 2,"Problem 2d seems to relate to the cranberries market, but it looks like the material provided doesn't specifically mention problem 2d. However, I can guide you on how to approach these types of problems generally.

Given that problem 2 deals with supply and demand in the cranberries market, you would typically need to understand the equilibrium conditions in a market. Since previous parts involved finding equilibrium price and quantity, part d might involve further analysis of these conditions, possibly comparing them to another scenario or introducing another factor.

Here's how you might approach it:

1. **Review Equilibrium Concepts**: Make sure you understand how to find equilibrium price and quantity by setting the supply equal to the demand.

2. **Consider Changes or Additional Factors**: If part d involves changes in supply or demand, think about how shifts in the curves can affect equilibrium.

3. **Analyze Surplus or Welfare**: Often, such problems may ask you to consider consumer or producer surplus, or overall welfare changes due to shifts in the market.

If you have specifics about what part d asks for, let me know, and I can provide more targeted guidance!","MGT404_2025_ProblemSet2.pdf, MGT404_2025_ProblemSet2.pdf, MGT404_2025_ProblemSet2.pdf",8,4247,368,3737,189,1303,"doc_type=homework, assignment=2",14,filtered,False,0.5735,0.4016,0.4345,0.1719,"[0.5735, 0.4321, 0.4261, 0.414, 0.4109, 0.4094, 0.4081, 0.4016]","[""MGT404_2025_ProblemSet2.pdf|homework|unit:5"", ""MGT404_2025_ProblemSet2.pdf|homework|unit:5"", ""MGT404_2025_ProblemSet2.pdf|homework|unit:5"", ""MGT404_2025_ProblemSet2.pdf|homework|unit:5"", ""MGT404_2025_ProblemSet2.pdf|homework|unit:5"", ""MGT404_2025_ProblemSet2.pdf|homework|unit:5"", ""MGT404_2025_ProblemSet2.pdf|homework|unit:5"", ""MGT404_2025_ProblemSet2.pdf|homework|unit:5""]",,,,,Bad,Likely struggled due to distance between original problem 2 text and late subproblem d,
2026-01-25T03:42:29.239016Z,OoeOAnYRYEpNilLk,mgt404,MGT 404 Economics & Game Theory,MGT 404 Economics & Game Theory,JIBHV3MjVpOEzPKsPteTRA,Please help me with problem 3c from the economics problem set 2,"Certainly! In problem 3c of the problem set, you're asked to find the level of sales, price, and profit for Comcast when it cannot price discriminate.

Here's a step-by-step way to approach it:

1. **Understand the Demand Curve**: The inverse demand function given is \( p(y) = 200 - 4y \). This means that the price Comcast can charge depends on the quantity \( y \).

2. **Marginal Revenue**: Since Comcast is a monopolist, you need to derive the marginal revenue (MR) from the demand curve. Remember, for a linear demand curve \( p = a - by \), the MR curve is \( MR = a - 2by \).

3. **Setting Marginal Revenue Equal to Marginal Cost**: Since the marginal cost (MC) is zero, you will set the MR equal to MC to find the profit-maximizing quantity. Solve for \( y \).

4. **Calculate Price**: Once you have the quantity, use the inverse demand function \( p(y) = 200 - 4y \) to find the price.

5. **Calculate Profit**: Profit is total revenue minus total cost. Since MC is zero, total cost is zero. Therefore, profit is simply total revenue, which is price times quantity.

Try working through these steps with the given functions, and you'll arrive at the solution. If you have any specific step you're stuck on, feel free to ask for more guidance!","MGT404_2025_ProblemSet2.pdf, MGT404_2025_ProblemSet2.pdf, MGT404_2025_ProblemSet2.pdf",8,5888,309,5430,227,1303,"doc_type=homework, assignment=2",14,filtered,False,0.5424,0.4057,0.4423,0.1366,"[0.5424, 0.48, 0.4302, 0.4247, 0.4208, 0.4197, 0.4152, 0.4057]","[""MGT404_2025_ProblemSet2.pdf|homework|unit:5"", ""MGT404_2025_ProblemSet2.pdf|homework|unit:5"", ""MGT404_2025_ProblemSet2.pdf|homework|unit:5"", ""MGT404_2025_ProblemSet2.pdf|homework|unit:5"", ""MGT404_2025_ProblemSet2.pdf|homework|unit:5"", ""MGT404_2025_ProblemSet2.pdf|homework|unit:5"", ""MGT404_2025_ProblemSet2.pdf|homework|unit:5"", ""MGT404_2025_ProblemSet2.pdf|homework|unit:5""]",,,,,Good,,
2026-01-25T03:44:34.775199Z,eRzHakv4s5nrJFp1,mgt402,MGT 402 Accounting,MGT 402 Accounting,jYAonT5zhjtMSSdBKSz9ng,Can you help me understand how to book transaction v) from the Grow Co. 1 assignment in T-accounts?,"Certainly! Let's go through how to record transaction v) in T-accounts.

Transaction v) states: ""Expirations of prepaid items totaled $6. Prepaids are related to selling, general, and administrative expense accounts.""

Here's how you can think about this transaction:

1. **Prepaid Expenses**: Prepaid expenses are initially recorded as assets because they represent future economic benefits. Over time, as these benefits are realized (i.e., the services or goods are consumed), the cost is transferred from an asset to an expense.

2. **Adjusting Entry for Expiration**: When part of a prepaid expense expires, you need to move the cost from the Prepaid Expenses account to an expense account. In this case, it is related to Selling, General, and Administrative (SG&A) expenses.

**T-account Entries:**

- **Debit** the SG&A Expense account: This indicates that the expired portion of the prepaid items is now recognized as an expense.

- **Credit** the Prepaid Expenses account: This reduces the asset value, reflecting that the prepaid amount has been utilized.

These entries effectively decrease your Prepaid Expenses on the balance sheet and increase your SG&A Expenses on the income statement, which reduces net income.

If you have any more questions or need further clarification, feel free to ask!","Class 5. Grow Co. I.pdf, Class 5. Grow Co. I.pdf, Class 5. Grow Co. I.pdf",6,5126,1409,3542,199,1553,"filename=Class 5. Grow Co. I.pdf, match_score=0.767",6,filtered,True,0.659,0.3231,0.5181,0.336,"[0.659, 0.6326, 0.6248, 0.4829, 0.3861, 0.3231]","[""Class 5. Grow Co. I.pdf|homework|unit:5"", ""Class 5. Grow Co. I.pdf|homework|unit:5"", ""Class 5. Grow Co. I.pdf|homework|unit:5"", ""Class 5. Grow Co. I.pdf|homework|unit:5"", ""Class 5. Grow Co. I.pdf|homework|unit:5"", ""Class 5. Grow Co. I.pdf|homework|unit:5""]",,,,,Good,,
2026-01-25T03:53:27.709175Z,LH3or1-b0Pxw1csv,mgt412,MGT 412 Investor,MGT 412 Investor,pAzfcPPHHv1Z7lQyJVo6XQ,Please explain homework 1 problem 1a,"Homework 1, problem 1a, is about calculating the returns on a stock investment. Here's how you can approach it:

1. **Gross Return Calculation**: 
   - The gross return is calculated based on how much the stock's value has changed, including any dividends received. 
   - You initially bought the stock for $40. A year later, the stock's price is $33, and you received a $1 dividend.
   - The formula for gross return is: 
     \[
     \text{Gross Return} = \frac{\text{Ending Price} + \text{Dividends} - \text{Initial Price}}{\text{Initial Price}}
     \]
   - Plug in the values you have into this formula to find the gross return.

2. **Net Return Calculation**:
   - The net return is the return after accounting for any costs or fees, but if none are mentioned, it might be the same as the gross return in this context.

3. **Net Real Return Calculation**:
   - The net real return adjusts the net return for inflation, giving you the return in terms of purchasing power.
   - You use the formula:
     \[
     \text{Net Real Return} = \frac{1 + \text{Net Return}}{1 + \text{Inflation Rate}} - 1
     \]
   - Convert the inflation rate from a percentage to a decimal when you plug it into the formula.

By understanding these concepts, you can calculate each type of return as described in the problem. Let me know if you need further clarification on any of these steps!","hw1 (1).pdf, hw1 (1).pdf, hw1 (1).pdf",8,5761,753,4834,226,470,"doc_type=homework, assignment=1",17,filtered,True,0.5,0.2533,0.3462,0.2468,"[0.5, 0.416, 0.3581, 0.3385, 0.322, 0.3029, 0.2792, 0.2533]","[""hw1 (1).pdf|homework|unit:N/A"", ""hw1 (1).pdf|homework|unit:N/A"", ""hw1 (1).pdf|homework|unit:N/A"", ""hw1 (1).pdf|homework|unit:N/A"", ""hw1 (1).pdf|homework|unit:N/A"", ""hw1 (1).pdf|homework|unit:N/A"", ""hw1 (1).pdf|homework|unit:N/A"", ""hw1 (1).pdf|homework|unit:N/A""]",,,,,Good,,
2026-01-25T03:54:35.719820Z,LH3or1-b0Pxw1csv,mgt412,MGT 412 Investor,MGT 412 Investor,DIa--KBSou6uCurhVhoWUQ,Please explain homework 1 problem 1c,"For homework 1, problem 1(c), you're dealing with the calculation of the net real return on an investment. This involves understanding the difference between nominal and real returns, especially in the context of inflation.

Here's a brief guide on how to approach this:

1. **Nominal Return:** First, calculate the nominal return on the investment. This is usually the return calculated without considering inflation. In the context of the example given, if you have already calculated the nominal return in part (b), you can use that here.

2. **Inflation Adjustment:** To find the real return, you need to adjust the nominal return by the inflation rate. The formula to adjust for inflation and calculate the real return is:

   \[
   \text{Real Return} = \frac{1 + \text{Nominal Return}}{1 + \text{Inflation Rate}} - 1
   \]

3. **Apply the Formula:** Use the nominal return you calculated earlier and the given inflation rate of 2.2% to apply this formula. This will give you the net real return.

By using the above steps, you should be able to calculate the net real return for the investment. Let me know if you need more clarification on any of these steps!","hw1 (1).pdf, hw1 (1).pdf, hw1 (1).pdf",8,4342,560,3489,192,470,"doc_type=homework, assignment=1",17,filtered,True,0.5064,0.2474,0.3496,0.259,"[0.5064, 0.419, 0.3671, 0.3476, 0.3238, 0.302, 0.2831, 0.2474]","[""hw1 (1).pdf|homework|unit:N/A"", ""hw1 (1).pdf|homework|unit:N/A"", ""hw1 (1).pdf|homework|unit:N/A"", ""hw1 (1).pdf|homework|unit:N/A"", ""hw1 (1).pdf|homework|unit:N/A"", ""hw1 (1).pdf|homework|unit:N/A"", ""hw1 (1).pdf|homework|unit:N/A"", ""hw1 (1).pdf|homework|unit:N/A""]",,,,,Good,,
2026-01-25T03:56:10.984148Z,LH3or1-b0Pxw1csv,mgt412,MGT 412 Investor,MGT 412 Investor,DIa--KBSou6uCurhVhoWUQ,it's asking it to do it with 4 different quarterly returns together. How do I do that?,"To calculate the net return over multiple periods, such as quarters in a year, you need to use the concept of compounding returns.

Here's a step-by-step guide:

1. **Start with the Initial Investment:** Assume your initial investment is 1 (or 100% of your investment).

2. **Apply Each Quarterly Return Sequentially:**
   - For the first quarter, multiply your initial investment by (1 + quarterly return). For instance, if the return is 6%, you multiply by 1.06.
   - For the second quarter, take the result from the first step and multiply it by (1 + the second quarter's return). If the return is -4%, you multiply by 0.96.
   - Repeat this process for the third and fourth quarters.

3. **Calculate the Final Value:** After applying all four quarterly returns, you will have a final value for your investment at the end of the year.

4. **Determine the Net Return:** The net return for the year is the final value minus the initial investment, expressed as a percentage of the initial investment. This can be calculated as:
   \[
   \text{Net Return} = \left(\text{Final Value} - 1\right) \times 100\%
   \]

By following this method, you can calculate the compounded return over multiple periods. The example from your course material shows a similar calculation:

\[
(1.06) \times (0.96) \times (1.05) \times (0.98) - 1
\]

This will give you the overall net return for the year, considering all four quarters.","hw1_solutions.pdf, Lec5_the_capm.pdf, Lec2_returns_risk_prices.pdf",8,6909,1501,5263,234,470,,0,unfiltered,False,0.4402,0.3222,0.3574,0.118,"[0.4402, 0.3754, 0.3668, 0.3648, 0.3403, 0.3265, 0.3227, 0.3222]","[""hw1_solutions.pdf|solutions|unit:N/A"", ""Lec5_the_capm.pdf|lecture|unit:5"", ""Lec2_returns_risk_prices.pdf|lecture|unit:2"", ""Lec3_asset_allocation_I.pdf|lecture|unit:3"", ""Lec10_Fixed Income 1.pdf|lecture|unit:10"", ""Lec3_asset_allocation_I.pdf|lecture|unit:3"", ""Lec2_returns_risk_prices.pdf|lecture|unit:2"", ""hw1 (1).pdf|homework|unit:N/A""]",,,,,Good,Not too relevant for analysis yet but encouraging to see that follow-ups work ,
2026-01-25T03:57:00.022478Z,LH3or1-b0Pxw1csv,mgt412,MGT 412 Investor,MGT 412 Investor,92sUJRI1wsPAkeawPKKtSQ,Please explain homework 2 problem 2c,"Homework 2 problem 2c seems to focus on evaluating two portfolio options based on a utility function. Here's a breakdown of how you might approach it:

1. **Understand the Utility Function**: The utility function given is \( U(E, S) = E(r) - \gamma S^2 \), where:
   - \( E(r) \) is the expected return of the portfolio.
   - \( S \) is the standard deviation of the portfolio, which measures risk.
   - \( \gamma \) is the coefficient of risk aversion, indicating how much Mr. B dislikes risk. In this case, \( \gamma = 2 \).

2. **Evaluate the Two Portfolios**: You are asked to compare two portfolios:
   - **Portfolio i**: with \( w = 0.4 \)
   - **Portfolio ii**: with \( w = 0 \)

   You'll need to calculate the expected return and standard deviation for each portfolio based on these weights and then plug these into the utility function to determine which portfolio provides higher utility for Mr. B.

3. **Calculate Expected Return and Variance**:
   - For expected return: Use the formula for a portfolio's expected return, which is a weighted sum of the expected returns of the individual assets.
   - For variance: Use the formula for the portfolio variance, considering the weights and the correlation between the assets.

4. **Compute Utility for Each Portfolio**: Substitute the calculated expected returns and standard deviations into the utility function to find the utility for each portfolio.

5. **Compare Utilities**: The portfolio with the higher utility value will be more favorable for Mr. B given his risk aversion.

This problem requires applying the concepts of portfolio expected return and variance, considering risk aversion, and interpreting the results based on the utility function. Review your lecture notes and textbook for examples on calculating these quantities and understanding utility maximization.","hw2.pdf, hw2.pdf, hw2.pdf",8,5941,350,5440,297,470,"doc_type=homework, assignment=2",20,filtered,True,0.5016,0.2995,0.3472,0.2021,"[0.5016, 0.3935, 0.3349, 0.3175, 0.3172, 0.3111, 0.3024, 0.2995]","[""hw2.pdf|homework|unit:4"", ""hw2.pdf|homework|unit:4"", ""hw2.pdf|homework|unit:4"", ""hw2.pdf|homework|unit:4"", ""hw2.pdf|homework|unit:4"", ""hw2.pdf|homework|unit:4"", ""hw2.pdf|homework|unit:4"", ""hw2.pdf|homework|unit:4""]",,,,,OK,Could have worked in some more context from prior parts since they built up to this,
2026-01-25T03:57:40.586289Z,LH3or1-b0Pxw1csv,mgt412,MGT 412 Investor,MGT 412 Investor,IYIzckQD6LMG4nxVz4m3PQ,Please explain homework 2 problem 4g,"Based on the provided course material, it seems that problem 4g is not explicitly detailed. However, from the context of the material provided, problem 4 likely involves investment decisions and the allocation of wealth between different assets, possibly including the use of a riskless asset and two risky assets (as mentioned in other parts of the document).

To tackle a problem like 4g, you would typically need to consider concepts such as the expected return, variance, and possibly the Sharpe ratio, which measures the risk-adjusted return of an investment. The introduction of a riskless asset into your investment set could involve calculating the tangency portfolio, which represents the optimal mix of the riskless asset and the risky assets to maximize returns for a given level of risk.

If you are working on something related to the tangency portfolio, you would want to:

1. Identify the expected returns and variances of the risky assets.
2. Calculate the Sharpe ratio for the risky assets (expected return minus the risk-free rate, divided by the standard deviation).
3. Determine the combination of risky assets that provides the highest Sharpe ratio, which forms the tangency portfolio when combined with the riskless asset.

For more specific instructions or calculations, you would need to refer to the data in the Excel spreadsheet mentioned in the homework document and apply the concepts from Lecture Note 4. If you have specific numbers or a particular part of the problem you want to explore, feel free to share, and I can help guide you through those calculations or concepts!","hw2.pdf, hw2.pdf, hw2.pdf",8,6086,386,5552,259,470,"doc_type=homework, assignment=2",20,filtered,True,0.4853,0.2707,0.3275,0.2146,"[0.4853, 0.3922, 0.3461, 0.2984, 0.2811, 0.274, 0.2718, 0.2707]","[""hw2.pdf|homework|unit:4"", ""hw2.pdf|homework|unit:4"", ""hw2.pdf|homework|unit:4"", ""hw2.pdf|homework|unit:4"", ""hw2.pdf|homework|unit:4"", ""hw2.pdf|homework|unit:4"", ""hw2.pdf|homework|unit:4"", ""hw2.pdf|homework|unit:4""]",,,,,Bad,Likely struggled due to distance between original problem 4 text and late subproblem g,