timestamp,ta_id,ta_slug,ta_name,course_name,session_id,query,answer,sources,chunk_count,latency_ms,retrieval_latency_ms,generation_latency_ms,token_count,Human rating,Notes on human rating,Other developer notes
2026-01-19T04:24:57.223557Z,test-123,test-ta,Test TA,Test Course,session-abc,What is the capital of France?,Paris is the capital of France. It is known for the Eiffel Tower.,"lecture1.pdf, notes.docx",5,2500,500,2000,15,N/a,N/a,
2026-01-19T04:36:18.677728Z,LH3or1-b0Pxw1csv,mgt412,MGT 412 Investor,MGT 412 Investor,LLZ2Laqj15keJVn-rAe8QQ,what is covered in lecture 5?,"Lecture 5 focuses on the Capital Asset Pricing Model (CAPM). Here's a summary of the key topics covered:

1. **Intuition Behind The CAPM**: It explains why a high beta stock is considered risky and how it affects your portfolio by moving in the same direction as the market, thereby increasing variance.

2. **Why We Need the CAPM**: The lecture discusses the CAPM's role in measuring the risk of an asset and estimating the fair return compensation given this risk. It also highlights its use in asset allocation and trading strategies.

3. **Key Terms**: Concepts such as beta, alpha, and the risk-free rate are discussed. Beta measures an asset’s risk in relation to the market, while alpha is the difference between the average realized return and the expected return implied by the CAPM.

4. **Practical Use**: The CAPM is widely used in practice for estimating the required return on equity, as evidenced by surveys of financial professionals.

5. **Alternative Methods**: The lecture contrasts the CAPM with other methods like RF+spread and discusses why some methods are more sensible than others for estimating required returns.

These points provide a foundational understanding of the CAPM and its application in financial decision-making.","Lec5_the_capm.pdf, Lec5_the_capm.pdf, Lec5_the_capm.pdf",8,13908,2348,6356,198,Good,,
2026-01-21T03:07:58.016119Z,Rp1Lp2Ra5apTH04d,mgt410,MGT410 Competitor,MGT410 Competitor,oPNkGZTRvCnq1kKDRUT2tQ,what are the 5 (really 6) forces?,"Porter's model traditionally consists of five forces that analyze the competitive environment of an industry, but in your course, an additional force has been added to make it six. These forces are:

1. **Threat of New Entrants**: This force examines how easy or difficult it is for new competitors to enter the industry. Factors influencing this include barriers to entry like capital requirements, economies of scale, and brand loyalty.

2. **Bargaining Power of Buyers**: This force looks at the power customers have to drive prices down. This power is higher when there are few buyers and many sellers, or when the products are undifferentiated.

3. **Bargaining Power of Suppliers**: This force assesses how much power suppliers have to drive prices up. This power is higher when there are few suppliers, or when the product offered is unique.

4. **Industry Rivalry**: This force examines the intensity of competition among existing competitors in the market. High rivalry limits profitability and can lead to price wars.

5. **Threat of Substitutes**: This force considers the availability of alternative products that can meet the same need as the industry’s offering. High availability of substitutes can reduce demand for the industry's product.

6. **Complements/Regulation**: The sixth force in your course includes complements, which are products or services that add value to the primary product, thus potentially increasing demand for it. Additionally, regulation is also considered, which can significantly impact industry dynamics and profitability.

Understanding these forces can help you analyze an industry's structure and the strategic position of firms within it.","Industry_Analysis_Class.pdf, Industry_Analysis_Class.pdf, Overview.pdf",8,7501,448,6886,255,Good,,
2026-01-21T03:08:20.354894Z,OoeOAnYRYEpNilLk,mgt404,MGT 404 Economics & Game Theory,MGT 404 Economics & Game Theory,0PWDPHVtncxSBiXSkQGTFA,what is a nash equilibrium?,"A Nash Equilibrium is a concept in game theory that describes a stable situation in a strategic interaction where no player can benefit by changing their strategy while the other players keep their strategies unchanged. In other words, at Nash Equilibrium, each player's strategy is the best response to the strategies chosen by the other players. This means that no player has an incentive to deviate from their current strategy since doing so would not result in a better payoff. 

It's important to note that a Nash Equilibrium doesn't necessarily mean the best collective outcome for all players involved, but rather a point where individual players do not have regrets about their choices after considering the choices of others. This equilibrium can be found using several methods, such as identifying dominant strategies, using best-response methods, or through trial and error with guess and verify approaches.

In a 2x2 payoff matrix, you can find a Nash Equilibrium by underlining the best payoff for one player in each row and bolding the best payoff for the other player in each column. A cell that is both underlined and bolded represents a Nash Equilibrium.","MGT404 - Review 5 - 2025.pdf, Game Theory_Class 2.pdf, Notes_Class 4.pdf",8,6530,868,5503,191,Good,,
2026-01-21T03:09:13.715678Z,As74fsicmfDDKKQC,mgt405,MGT 405 MMD,MGT 405 MMD,12Pbe4fdyc9lSmcC259rHA,what is a shadow price?,"A shadow price, in the context of linear programming and optimization, represents the change in the objective function's value for a one-unit increase in the right-hand side of a constraint, assuming all other factors remain constant. It is essentially the value of an additional unit of a resource.

In simpler terms, if you were to slightly relax a constraint by increasing the amount of a resource by one unit, the shadow price tells you how much the optimal value of the objective function would improve. If a constraint is non-binding, its shadow price is typically zero because increasing the resource won't affect the objective function's value.

In your course material, the shadow price would relate to the constraints given in your optimization problem, such as the luxury mix constraints, and indicate how sensitive your optimal solution is to changes in these constraints. If you're using a spreadsheet to solve these problems, the shadow prices can often be found in the solution output, usually marked as ""dual values"" or ""shadow prices.""",ss#2.pdf,1,7138,549,6442,170,Good,,
2026-01-21T03:09:47.303581Z,pwU70tUzk2Yx9P0j,mgt402,MGT 402 Accounting,MGT 402 Accounting,bXTv1kkuhZSsJ73LcbG86g,how do I book a revenue transaction for goods sold?,"To book a revenue transaction for goods sold, you need to understand the basic accounting principles related to revenue recognition and journal entries. Let's go through the process step-by-step:

1. **Identify the Transaction**: When goods are sold, revenue is recognized. According to the revenue recognition principle, revenue should be recognized when it is earned and realizable, which typically means when goods are delivered to the customer.

2. **Journal Entry for Revenue**: When you sell goods, you will generally make a journal entry that increases (credits) a revenue account and increases (debits) a cash or accounts receivable account, depending on whether the customer pays immediately or on credit.

   - **Debit Accounts Receivable (if on credit) or Cash (if paid immediately)**: This reflects the inflow of resources or the promise of payment from the customer.
   - **Credit Sales Revenue**: This records the income earned from the sale.

3. **Example**: If you sold goods worth $1,000 on credit, your journal entry would look like this:
   - Debit Accounts Receivable $1,000
   - Credit Sales Revenue $1,000

4. **Cost of Goods Sold (COGS)**: Don't forget, if you're tracking inventory, you will also need to record the cost of goods sold to reflect the decrease in inventory. This typically involves:
   - **Debit COGS**: Reflects the expense incurred from selling the goods.
   - **Credit Inventory**: Decreases your inventory by the cost of the goods sold.

Understanding these entries will help you properly record revenue transactions. Make sure to refer to any specific details or examples provided in your course materials or templates for additional guidance.","Amazon-2019-Excerpt.pdf, Class 3. Beyond Meat 10-k 2019-1.pdf, Class 3. Beyond Meat 10-k 2019.pdf",4,8953,637,8168,258,Good,,
2026-01-21T03:18:08.000480Z,pwU70tUzk2Yx9P0j,mgt402,MGT 402 Accounting,MGT 402 Accounting,IIZ54Jy-Qjlbs4jcYhVrIQ,Explain the key concepts in class 2,"In Class 2 of MGT 402, the focus was on understanding the components and structure of a balance sheet, which is a fundamental aspect of accounting. Here are the key concepts covered:

1. **Balance Sheet Components**: A balance sheet is a financial statement that lists a company's assets, liabilities, and shareholders' equity at a specific point in time. The balance sheet equation is fundamental: 
   \[
   \text{Assets} = \text{Liabilities} + \text{Equity}
   \]
   
2. **Assets**: These are economic resources owned or controlled by the firm that are expected to generate future benefits. Assets result from past transactions or exchanges and must be measured reliably. Examples include cash, inventory, property, plant & equipment, and land.

3. **Liabilities**: These are economic obligations of the firm, representing future sacrifices of economic benefits. A liability is recognized when there is a future economic obligation resulting from a past transaction or exchange, and it can be measured reliably.

4. **Equity**: This represents the residual interest in the assets of the entity after deducting liabilities. It includes components like paid-in capital, retained earnings, and accumulated other comprehensive income. Equity is essentially the difference between assets and liabilities.

5. **Income Statement**: This statement reflects the profit earned over an accounting period. It is a crucial part of financial statements as it provides insights into the company's operational performance.

6. **Cash Flow Statement and Equity Statement**: These statements explain changes in cash and shareholders' equity over an accounting period, respectively. They provide additional context to the balance sheet by showing how cash is generated and used, and how equity changes over time.

7. **Footnotes**: These are an integral part of financial statements, often providing additional details and context that are important for a full understanding of the financial health of a company.

These concepts lay the groundwork for understanding how businesses report their financial status and performance, which is essential for making informed decisions in accounting and finance.","Class_2_2025_after_class.pdf, Class_2_2025_after_class.pdf, Class_2_2025_after_class.pdf",8,7078,599,6319,318,Good,,
2026-01-21T03:33:54.365711Z,pwU70tUzk2Yx9P0j,mgt402,MGT 402 Accounting,MGT 402 Accounting,A0BFhynftVBm_qNG1DzsJQ,Explain the key concepts in class 2,"In Class 2 of MGT 402, the focus was on understanding the Balance Sheet, which is one of the fundamental financial statements in accounting. Here are the key concepts covered:

1. **Balance Sheet Components**:
   - **Assets**: These are economic resources owned or controlled by the firm expected to provide future benefits. They must result from past transactions and be reliably measurable. Examples include cash, inventory, property, plant & equipment, and land.
   - **Liabilities**: These represent the economic obligations of the firm. They arise from past transactions and must also be measurable reliably.
   - **Shareholders' Equity**: This is the residual interest in the assets of the firm after deducting liabilities. It includes paid-in capital (investments made by shareholders) and retained earnings (accumulation of profits minus dividends paid).

2. **Accounting Equation**: The balance sheet is summarized by the equation:
   \[
   \text{Assets} = \text{Liabilities} + \text{Equity}
   \]
   This equation must always balance, meaning that the resources of the business are always funded by either borrowing (liabilities) or owner investments (equity).

3. **Equity Components**:
   - **Paid-in Capital**: Includes par value of shares and additional paid-in capital (amount received from shareholders beyond the par value).
   - **Retained Earnings**: The cumulative total of profits retained in the business, not distributed as dividends.

4. **Statements Related to Balance Sheet**:
   - **Statement of Cash Flows**: Explains changes in cash over an accounting period.
   - **Equity Statement**: Explains changes in shareholders' equity over an accounting period.
   - **Income Statement**: Reflects the profit earned over an accounting period.

These concepts are foundational for understanding how businesses report their financial position and performance. Let me know if you need further clarification on any of these points!","Class_2_2025_after_class.pdf, Class_2_2025_after_class.pdf, Class_2_2025_after_class.pdf",8,17351,2207,10117,275,Good,,
2026-01-21T03:34:48.655405Z,pwU70tUzk2Yx9P0j,mgt402,MGT 402 Accounting,MGT 402 Accounting,DgO-4jAivM45JOUQjNlIRA,Explain the key concepts in class 4,"In Class 4, several key concepts related to accounting were covered, focusing primarily on the relationship between the income statement and the balance sheet, transaction analysis, and the preparation of these financial statements. Here’s a summary:

1. **Connection between Income Statement and Balance Sheet**: 
   - The net income from the income statement affects the balance sheet through retained earnings. 
   - Retained Earnings (RE) at the end of the fiscal period are calculated as:
     \[
     \text{RE at the beginning} + \text{Net Income (Loss)} - \text{Dividends Declared} = \text{RE at the end}
     \]

2. **Balance Sheet Equation**:
   - The fundamental accounting equation is: 
     \[
     \text{Assets} = \text{Liabilities} + \text{Shareholders’ Equity}
     \]

3. **Transaction Analysis**:
   - Every transaction affects at least two accounts, which is the basis of double-entry accounting.
   - Asset accounts increase on the left (debit) and decrease on the right (credit).
   - Liability and Shareholders’ Equity accounts decrease on the left (debit) and increase on the right (credit).
   - Adjusting entries are necessary for implicit transactions, which occur over time without direct exchanges.

4. **Types of Transactions**:
   - Transactions can include acquiring assets with credit or stock, exchanging assets, paying off liabilities, distributing dividends, and making sales on credit.

5. **Accrual Basis Accounting**:
   - This method records revenues when they are earned and expenses when incurred, irrespective of cash flow. This is mandated by US GAAP, IFRS, and other GAAPs.

Understanding these concepts helps in preparing accurate financial statements and ensuring that the accounting equation remains balanced after each transaction.","Class_4_2025.pdf, Class_4_2025.pdf, Class_4_2025.pdf",8,11450,1115,9293,250,Good,,
2026-01-21T03:35:39.357013Z,pwU70tUzk2Yx9P0j,mgt402,MGT 402 Accounting,MGT 402 Accounting,bclV8Ue6CyQIhXGIgw9L2A,Explain the key concepts in class 6,"Class 6 of MGT 402 covers the basics of accounting for long-lived assets. Here are the key concepts discussed:

1. **Asset Definition**: According to the FASB, an asset is something that a firm owns or controls, is expected to generate future benefits, and results from past transactions. To be recognized on the balance sheet, an asset must be measurable and provide probable future economic benefits.

2. **Long-lived Assets**: These are assets expected to provide economic benefits for more than one year. They include both tangible assets (with physical substance) and intangible assets (lacking physical substance).

3. **Tangible Assets**: These have a finite life, like buildings and equipment, and are generally recorded at their net book value, which is the original cost minus accumulated depreciation.

4. **Depreciation**: This is the systematic allocation of the cost of a tangible asset over its useful life. It matches the cost of the asset to the revenues it helps generate. Depreciation requires estimating the useful life and salvage value, which involves managerial discretion.

5. **Intangible Assets**: These lack physical existence and are not financial instruments. They are divided into those with finite and indefinite useful lives. Finite life intangibles are amortized over their useful life, while indefinite life intangibles are not amortized but are tested annually for impairment.

6. **Impairments**: If an asset's value is impaired (meaning its net book value exceeds its fair market value), GAAP requires a write-down to reflect this impairment. However, GAAP does not allow for upward revisions in the value of fixed assets.

7. **Internally Developed Vs. Externally Acquired Assets**: Internally developed intangible assets are generally expensed immediately, whereas those acquired externally are capitalized at acquisition cost.

These concepts are crucial in understanding how long-lived assets are accounted for and reflected in financial statements.","Class_6_2025_after_class.pdf, Class_6_2025_after_class.pdf, Class_6_2025_after_class.pdf",8,13212,584,12479,294,Good,,
2026-01-21T03:37:05.386544Z,pwU70tUzk2Yx9P0j,mgt402,MGT 402 Accounting,MGT 402 Accounting,ojCUYPKYg5MyQ0Cya8vS_A,Explain the key concepts in class 8,"Certainly! Class 8 focuses on the Cash Flow Statement, particularly its components and the methods of calculating Cash Flow from Operations (CFO). Here are the key concepts:

1. **Cash Flow Statement**: It explains the changes in cash between two consecutive balance sheets. The statement classifies cash receipts and payments according to a company’s main economic activities:
   - **Operating Activities (CFO)**: Directly related to earning income.
   - **Investing Activities (CFI)**: Acquiring and disposing of long-term or financial assets.
   - **Financing Activities (CFF)**: Acquiring and repaying funds, involving transactions with capital providers.

2. **Methods of Calculating CFO**:
   - **Direct Method**: Lists cash receipts and cash payments for each major operating activity.
     - Formula: CFO = Cash collections – Cash disbursements.
   - **Indirect Method**: Adjusts Net Income to reflect only cash transactions related to operating activities.
     - Formula: CFO = Net Income +/- Adjustments.

3. **Indirect Method Steps**:
   - Remove non-cash items from Net Income (e.g., Depreciation, Amortization).
   - Adjust for non-operating gains or losses.
   - Adjust for changes in operating assets and liabilities to account for differences between reported revenues/expenses and actual cash flows.

4. **Accrual Accounting**: This is the method required by US GAAP and IFRS. It records revenue when earned and expenses when incurred, regardless of cash flow timing. This is why the Cash Flow Statement is crucial for understanding actual cash flows.

5. **Key Takeaways**:
   - Both the direct and indirect methods result in the same amount of Cash from Operations.
   - It's critical to ensure that the change in cash on the Cash Flow Statement equals the change in the cash account on the balance sheet.

These concepts are essential for understanding how companies track and report cash movements, which is crucial for financial analysis and decision-making.","Class_8_2025_in_class.pdf, Class_8_2025_in_class.pdf, Class_8_2025_in_class.pdf",8,8276,986,7147,289,Good,,
2026-01-21T03:37:46.086178Z,pwU70tUzk2Yx9P0j,mgt402,MGT 402 Accounting,MGT 402 Accounting,0bhJ38iTVnGdVvsQOkws7A,How do I book a transaction where a company sells goods for $100 and immediately delivers?,"To book a transaction where a company sells goods for $100 and immediately delivers, you need to consider the basic accounting principle of recording revenue and the corresponding entry for the cost of goods sold (COGS), assuming the transaction is on credit or cash.

Here’s a general guideline:

1. **Revenue Recognition**: When the goods are sold and delivered, you recognize the sales revenue. This is because the earnings process is complete, and the company has transferred the ownership of the goods to the customer.

2. **Journal Entries**: You will typically make two main entries:
   - **Record the Sale**: 
     - If it's a cash sale, debit the Cash account for $100.
     - If it's a credit sale, debit Accounts Receivable for $100.
     - Credit Sales Revenue for $100 to reflect the income earned.

3. **Cost of Goods Sold**: If you need to account for the cost of goods sold, you would:
   - Debit Cost of Goods Sold (COGS) for the cost amount (not given, but this would be the expense related to the goods sold).
   - Credit Inventory for the same cost amount to decrease the inventory balance.

Remember, these are general steps, and the specific accounts and amounts might vary based on additional details like payment method or any discounts offered. If you have more specific details or constraints from your course, those might affect how you would record the transaction.",,0,7264,429,6692,231,Good,,
2026-01-21T03:38:56.252594Z,pwU70tUzk2Yx9P0j,mgt402,MGT 402 Accounting,MGT 402 Accounting,5JZQIBwzjZf-GmuOqMoh8A,How do I build a cashflow statement via the indirect method?,"To build a cash flow statement using the indirect method, you'll need to start with the net income from the income statement and make several adjustments to reconcile it to the cash flow from operating activities (CFO). Here's a step-by-step guide based on the course material:

1. **Start with Net Income**: This is your starting point for the indirect method.

2. **Adjust for Non-Cash Expenses**: Add back any non-cash expenses that were subtracted on the income statement. Common examples include depreciation, amortization, and stock-based compensation. These expenses lower net income but do not affect cash flow, as they do not involve actual cash outlays.

3. **Adjust for Non-Operating Gains and Losses**: You need to subtract any non-operating gains or add back non-operating losses. For example, if there is a gain on the sale of property, you subtract this from net income because the gain is not part of the operating cash flows.

4. **Adjust for Changes in Working Capital**: Analyze the balance sheet for changes in current assets and liabilities that affect cash but are not reflected in net income:
   - **Increase in Accounts Receivable**: Subtract increases because they represent sales that have been recorded as income but not yet received in cash.
   - **Increase in Inventory**: Subtract increases in inventory purchases that have not yet been sold.
   - **Increase in Accounts Payable**: Add increases because they represent expenses that have been incurred but not yet paid, thus preserving cash.

5. **Summarize the Net Change in Cash Flow from Operating Activities**: After making all these adjustments, the resulting figure is your cash flow from operating activities.

Remember, the purpose of these adjustments is to convert net income, which is based on accrual accounting, into cash flow from operations, which reflects actual cash transactions. By following these steps, you can effectively build a cash flow statement using the indirect method.","Class_8_2025_in_class.pdf, Self-study_class7_solutions.pdf, Class_8_2025_in_class.pdf",8,5917,790,4976,309,Good,,
2026-01-21T03:39:52.408259Z,pwU70tUzk2Yx9P0j,mgt402,MGT 402 Accounting,MGT 402 Accounting,omFHmyV17NUAKbakcUAchQ,Can you explain depreciation with an example?,"Certainly! Depreciation is an accounting method used to allocate the cost of a tangible asset over its useful life. This allocation reflects how the asset is consumed or used up over time, which helps in matching the cost of the asset with the revenue it generates.

**Example:**

Let's say a company purchases a piece of machinery for $150,000, and it estimates that the machinery will have a useful life of 10 years and no salvage value at the end of its life. The company decides to use the straight-line method of depreciation, which spreads the cost evenly over the asset's useful life.

Using the straight-line method, the annual depreciation expense would be calculated as follows:

\[ \text{Annual Depreciation Expense} = \frac{\text{Cost of the Asset} - \text{Salvage Value}}{\text{Useful Life}} \]

In this case:

\[ \text{Annual Depreciation Expense} = \frac{150,000 - 0}{10} = 15,000 \]

So, each year, the company would record a depreciation expense of $15,000 until the machinery is fully depreciated.

This expense would reduce the book value of the machinery on the balance sheet and also appear as an expense on the income statement, reducing the company's net income. Over time, this process ensures that the asset's cost is matched with the income it helps generate.

In the course material, there are several references to depreciation, such as a depreciation expense of $510,000 on buildings and machinery, and you can see how this affects the financial statements by reducing the value of assets and impacting net income.","MGT402_sample_final_2.pdf, MGT402_sample_final_1.pdf, MGT402_sample_final_2.pdf",8,5803,1001,4653,248,Good,,
2026-01-21T03:41:25.362116Z,pwU70tUzk2Yx9P0j,mgt402,MGT 402 Accounting,MGT 402 Accounting,aL11YB9WdSWmj_kVIgc-6Q,Please explain ration analysis,"Ratio analysis is a tool used in financial analysis to evaluate and compare financial statements. Here's a breakdown of its key aspects based on your course material:

1. **Standardization**: Ratios help in standardizing financial information which makes it easier to compare companies of different sizes. By using ratios, you can evaluate performance and financial condition irrespective of the company's scale.

2. **Lack of GAAP Definitions**: Generally Accepted Accounting Principles (GAAP) do not mandate specific definitions for financial ratios. As a result, it's important to define and compute these ratios consistently when comparing different entities.

3. **Comparison Consistency**: When performing ratio analysis, it's crucial to apply the same definitions for the ratios being compared. This ensures that the analysis is meaningful and comparisons are valid.

4. **Economic Meaning**: Each ratio provides insight into specific aspects of financial performance or condition. It's important to understand what each ratio represents economically and how it relates to the business's operations.

5. **GAAP Reporting**: Consider how the items used in the ratios are reported under GAAP, as this may influence their interpretation.

In practice, ratio analysis involves calculating various financial ratios such as liquidity ratios, profitability ratios, leverage ratios, and efficiency ratios, each providing different insights into a company's financial health.","Class_9_2025_in_class.pdf, Class_1_2025_after_class.pdf, Class_11_2025.pdf",8,4305,582,3573,206,Good,,
2026-01-21T03:43:52.446374Z,pwU70tUzk2Yx9P0j,mgt402,MGT 402 Accounting,MGT 402 Accounting,oJ2H8DldgHh1GtTPbSpyww,Can you help me understand how to book transaction a) from the Grow Co. 1 assignment in T-accounts?,"Sure, I can guide you through how to approach booking a transaction in T-accounts.

When recording a transaction using T-accounts, remember that each transaction affects at least two accounts and follows the double-entry bookkeeping system. This means for every debit entry, there must be a corresponding credit entry of equal amount.

Here's a general guide:

1. **Identify the Accounts Affected**: Determine which accounts are affected by the transaction. These could be assets, liabilities, or equity accounts.

2. **Determine the Nature of Each Account**: For each account affected, decide if it will be debited or credited. Use the basic accounting rules:
   - Assets increase with debits and decrease with credits.
   - Liabilities decrease with debits and increase with credits.
   - Equity decreases with debits and increases with credits.

3. **Record the Transaction**: Enter the debits and credits in the respective T-accounts.

For example, if transaction a) involved purchasing equipment for cash, it would affect the Equipment account (an asset) and the Cash account (also an asset). You would:
- Debit the Equipment account to increase it.
- Credit the Cash account to decrease it.

Since I don't have the specific details of transaction a) from the Grow Co. I assignment here, you can apply this method to analyze and record the transaction based on its specifics. If you have the details of transaction a), try identifying the affected accounts and apply the rules mentioned above to record them in T-accounts.","Class 5. Grow Co. I.pdf, Class 5. Grow Co. I.pdf, Class_4_2025.pdf",8,6097,637,5296,239,Bad,"Problem set exists in course files and should have been retrieved 

Note after the fact: Did work with single doc TA

Response in multi-doc TA remained bad even after re-indexing",
2026-01-21T03:44:34.613180Z,pwU70tUzk2Yx9P0j,mgt402,MGT 402 Accounting,MGT 402 Accounting,ijrBfZgHCGoTN1pGV9RofQ,Can you help me understand how to book transaction h) from the Grow Co. 1 assignment in T-accounts?,"It seems I couldn't locate specific details about the ""Grow Co. 1 assignment"" or the exact transaction ""h)"" in the provided course material. However, I can guide you on how to generally book a transaction in T-accounts.

When booking a transaction in T-accounts, you need to follow these steps:

1. **Identify the accounts involved:** Determine which accounts are affected by the transaction. For each transaction, there will typically be at least one account that is debited and one that is credited.

2. **Determine the type of accounts:** Understand whether the accounts involved are assets, liabilities, equity, revenue, or expenses. This will help you decide whether to debit or credit them.

3. **Apply the accounting equation:** Remember that assets increase with debits and decrease with credits, whereas liabilities and equity increase with credits and decrease with debits.

4. **Record the transaction:** 
   - **Debit the appropriate account(s):** Enter the amount on the left side of the T-account.
   - **Credit the appropriate account(s):** Enter the amount on the right side of the T-account.

If you can provide more context or details about transaction ""h)"" or refer to any specific course material that describes it, I might be able to give more tailored guidance!","Amazon-2019-Excerpt.pdf, Amazon-2019-Excerpt.pdf, Amazon-2019-Excerpt.pdf",8,7711,544,7017,200,Bad,"Problem set exists in course files and should have been retrieved 

Note after the fact: Did work with single doc TA

Response in multi-doc TA remained bad even after re-indexing",
2026-01-21T03:45:28.755942Z,OoeOAnYRYEpNilLk,mgt404,MGT 404 Economics & Game Theory,MGT 404 Economics & Game Theory,cxm44YmgG6AMMfnbcK5vzQ,Please explain nash equilibrium with an example,"A Nash Equilibrium is a concept in game theory where no player can benefit by unilaterally changing their strategy, given that the other players' strategies remain the same. In other words, each player's strategy is optimal considering the strategies of the other players.

Let's consider a simple example to illustrate this concept:

Imagine a game where two companies, Apple and Samsung, are competing by setting prices for their new smartphones. Each company can choose to charge either $800 or $1,000. The profits from these pricing strategies are given in a payoff matrix.

Here's a simplified version of how the payoff matrix might look:

```
                 Samsung
             $800      $1000
Apple $800   (12k, 8k) (14k, 6k)
      $1000  (10.8k, 8.8k) (12.6k, 10.8k)
```

- If both Apple and Samsung charge $800, their respective profits are 12k and 8k.
- If Apple charges $800 and Samsung charges $1000, the profits are 14k for Apple and 6k for Samsung.
- If Apple charges $1000 and Samsung charges $800, the profits are 10.8k for Apple and 8.8k for Samsung.
- If both charge $1000, the profits are 12.6k for Apple and 10.8k for Samsung.

To find the Nash Equilibrium, we look for a pair of strategies where neither company can increase its profit by changing its price, given the price of the other company.

In this example, the Nash Equilibrium occurs when both companies charge $800. At this point, neither company can increase its profit by unilaterally changing its price to $1000 because doing so would result in a lower profit for both companies.

This example shows how Nash Equilibrium helps predict the outcome of strategic interactions where each player's decision depends on the actions of the other players.","MGT_404 2024_final_exam_with_solutions (1).pdf, MGT_404 2024_final_exam (1).pdf, MGT_404 2024_final_exam (1).pdf",8,6694,487,6057,282,Good,,
2026-01-21T03:46:27.347580Z,OoeOAnYRYEpNilLk,mgt404,MGT 404 Economics & Game Theory,MGT 404 Economics & Game Theory,YbHa_CsZfMSwqhmHy5jjwQ,Please help me understand the hotelling model,"The Hotelling model is a fundamental concept in economics that deals with spatial competition. It's often used to illustrate how businesses choose locations in a competitive market. Here’s a simplified explanation based on typical course material:

### Basic Setup of the Hotelling Model:
- **Linear City**: Imagine a street (or a line) where consumers are distributed uniformly along its length.
- **Firms**: There are typically two firms trying to sell a similar product. Their goal is to choose a location on this line to maximize their market share.
- **Consumers**: Each consumer will choose the firm that minimizes their travel cost, given that the product price is the same from both firms.

### Key Features:
1. **Location Choice**: Firms will often move towards the center of the market. This tendency is known as the ""Principle of Minimum Differentiation"" or ""Central Agglomeration."" The idea is that by being in the center, a firm can capture a larger share of the market by being closer to more consumers.
2. **Price Competition**: If prices can vary, firms will also compete on price. In some variations of the model, firms adjust their prices instead of or in addition to their locations.
3. **Equilibrium**: The model predicts that in equilibrium, firms may end up located very close to each other in the center of the line, minimizing the differentiation between their products.

### Applications:
- The model helps explain why competing businesses (like gas stations or coffee shops) often cluster together.
- It can also be used to analyze product differentiation, as the ""location"" can be thought of as a metaphor for product characteristics.

To apply this model to real-world scenarios, consider how different factors, such as transportation costs, consumer preferences, and price setting, can influence the outcome of competition in a given market.","404_2025 Lec 1 .pdf, 9_pricediscr_single.pdf, 404_2025_review.pdf",8,9732,398,9185,299,Good,,
2026-01-21T03:46:57.641732Z,OoeOAnYRYEpNilLk,mgt404,MGT 404 Economics & Game Theory,MGT 404 Economics & Game Theory,zi2MzNMJUe8m-SnQXqTUkg,What is a subgame perfect equilibrium?,"A subgame perfect equilibrium is a refinement of Nash equilibrium used in dynamic games, where players make decisions at different points in time. It ensures that players’ strategies are optimal not just for the game as a whole but also for every subgame within the larger game. Essentially, a strategy is a subgame perfect equilibrium if it represents a Nash equilibrium in every subgame of the original game.

To determine a subgame perfect equilibrium, you can use backward induction. This method involves analyzing the game from the end, or from the last possible decision point, and then working backward to determine the optimal strategy for each player at every stage of the game.

While the course material provided doesn't directly define a subgame perfect equilibrium, understanding the concept of dominated strategies and backward induction, as seen in the materials, can help in analyzing and determining a subgame perfect equilibrium in specific games.","Notes_Class 2.pdf, Notes_Class 1.pdf, Notes_Class 1.pdf",8,5167,659,4362,152,Good,,
2026-01-21T03:47:19.776898Z,OoeOAnYRYEpNilLk,mgt404,MGT 404 Economics & Game Theory,MGT 404 Economics & Game Theory,KD7k7ZYPk4OVoVlwjlaH6w,Please help me with problem 1a from the game theory extra problem set,"I couldn't find the specific game theory extra problem set you mentioned. However, if you have a question about problem 1a related to game theory, I can help guide you through similar concepts or examples that might be helpful.

For example, if your question is about the Ultimatum Game, we know from the course notes that if players only care about money, Player A would propose $99 for herself and $1 for Player B. However, real-world experiments show that offers tend to be more generous, often between 25%-50% of the prize, because people also care about fairness.

If your problem involves a different game theory concept, feel free to provide more detail, and I can help explain that concept based on the course materials.","Notes_Class 3.pdf, MGT_404 2024_final_exam (1).pdf, MGT404_2025_ProblemSet3.pdf",8,3234,573,2518,124,Bad,"Problem set exists in course files and should have been retrieved 

Note after the fact: Did work with single doc TA

Response in multi-doc TA remained bad even after re-indexing",
2026-01-21T03:47:54.883509Z,OoeOAnYRYEpNilLk,mgt404,MGT 404 Economics & Game Theory,MGT 404 Economics & Game Theory,iZzmW2fre3cPhDz8zQ71QA,Please help me with problem 7a from the game theory extra problem set,"It looks like I couldn't find specific content related to problem 7a from the extra problem set in the course materials provided. However, if you can share more details about the problem, such as the type of game or any specific concepts it involves, I can help guide you through the steps or concepts that might be relevant based on general game theory principles or related material from your course.","Extra Problem Set Solutions.pdf, MGT_404 2024_final_exam_with_solutions (1).pdf, MGT404 - Review 6 - 2025.pdf",8,2460,489,1824,70,Bad,"Problem set exists in course files and should have been retrieved 

Note after the fact: Did work with single doc TA

Response in multi-doc TA remained bad even after re-indexing",
2026-01-21T03:48:58.082887Z,OoeOAnYRYEpNilLk,mgt404,MGT 404 Economics & Game Theory,MGT 404 Economics & Game Theory,59O6JHi3JeKTTA0StIKUng,Please help me with problem 2a from the economics problem set 1,"It seems like we don't have the specific details of Problem 2a from Problem Set 1 in the provided course material. However, I can guide you on how to approach typical supply and demand problems, which could be relevant.

When you're dealing with problems related to supply and demand, you usually need to find the equilibrium price and quantity first. This is done by setting the quantity demanded equal to the quantity supplied and solving for the price (P). Once you have P, you can substitute it back into either the demand or supply equation to find the equilibrium quantity (Q).

If Problem 2a involves changes like a subsidy or a shift in demand or supply, you would adjust the supply or demand equations accordingly and find the new equilibrium.

For more detailed guidance, please check the specific lectures related to supply and demand analysis, as well as any warmup problems mentioned in your problem set document. If you have specific equations from your problem, I can help guide you through the process of working with them.","MGT404_2025_ProblemSet1.pdf, MGT404_2025_ProblemSet1.pdf, MGT404_2025_ProblemSet1.pdf",8,5025,614,4266,177,Bad,Problem set exists in course files and should have been retrieved ,
2026-01-21T03:49:52.451383Z,OoeOAnYRYEpNilLk,mgt404,MGT 404 Economics & Game Theory,MGT 404 Economics & Game Theory,2117NSgU02eINVywi4RCaQ,Please help me with problem 2f from the economics problem set 1,"I couldn't find any specific content related to ""problem 2f"" from the economics problem set 1 in the provided materials. However, if you can provide more context or details about what problem 2f involves, I might be able to help guide you with relevant concepts from the course.","MGT404_2025_ProblemSet1.pdf, MGT404_2025_ProblemSet1.pdf, MGT404_2025_ProblemSet1.pdf",8,2191,459,1582,48,Bad,Problem set exists in course files and should have been retrieved ,
2026-01-21T03:50:39.793562Z,OoeOAnYRYEpNilLk,mgt404,MGT 404 Economics & Game Theory,MGT 404 Economics & Game Theory,IYamTux9JJbMoHPCzM3l_Q,I need help with question a) from section 1 in the 2024 final,"It looks like you're asking about a specific question from the 2024 final exam's Section I, but unfortunately, the content provided doesn't include the details of question a) from that section. However, I can certainly help explain concepts or guide you through similar types of questions if you can provide more context or details about the question.

If your question involves a specific topic or concept, like Nash Equilibrium, subsidies, or guessing games, let me know, and I can provide a general explanation or guide you through understanding those concepts based on typical course material.

If you have access to the exam itself and can share more about the specific question (without quoting it verbatim), I could potentially offer more directed assistance!","MGT_404 2024_final_exam (1).pdf, MGT_404 2024_final_exam_with_solutions (1).pdf, MGT_404 2024_final_exam_with_solutions (1).pdf",8,3240,282,2807,122,Bad,"Problem set exists in course files and should have been retrieved 

Note after the fact: Did work with single doc TA

Response in multi-doc TA remained bad even after re-indexing",
2026-01-21T03:51:17.941454Z,OoeOAnYRYEpNilLk,mgt404,MGT 404 Economics & Game Theory,MGT 404 Economics & Game Theory,K0sC6XI2sbNVwRd7zeufHg,I need help with problem 1a from section 2 in the 2024 final,"It seems that the provided content from the 2024 final exam does not include specific details or questions from Section 2, particularly problem 1a. However, I can guide you on how to approach typical problems in game theory or economics that might appear in such exams.

1. **Identifying the Type of Game**: Determine whether the problem involves simultaneous or sequential moves, and whether it's a zero-sum game or involves potential for cooperation.

2. **Key Concepts**: Be familiar with concepts like Nash Equilibrium, Pareto Efficiency, and Dominant Strategies. These often play a crucial role in solving game-theory problems.

3. **Setting Up the Problem**: If it's a game matrix problem, ensure you've drawn the payoff matrix correctly. Identify the players, their strategies, and payoffs.

4. **Analyzing Payoffs**: Look at the possible outcomes and use strategies like elimination of dominated strategies or best response analysis to identify equilibria.

If you can provide more details about the problem or its context, I can help guide you further based on the general approaches and concepts from game theory and economics.","MGT_404 2024_final_exam_with_solutions (1).pdf, MGT_404 2024_final_exam (1).pdf, MGT_404 2024_final_exam (1).pdf",8,7076,425,6501,175,Bad,"Problem set exists in course files and should have been retrieved 

Note after the fact: Did work with single doc TA

Response in multi-doc TA remained bad even after re-indexing",
2026-01-21T03:52:15.506628Z,OoeOAnYRYEpNilLk,mgt404,MGT 404 Economics & Game Theory,MGT 404 Economics & Game Theory,CVFUXcfHx4v86sO8WpB2gg,Please explain price discrimination,"Price discrimination is a pricing strategy where a seller charges different prices to different consumers for the same product or service, based on their willingness or ability to pay. The primary goal is to capture consumer surplus and increase the seller's profits. There are several forms of price discrimination, and here are a few key concepts from your course material:

1. **Perfect Price Discrimination**: This occurs when a seller charges each consumer their maximum willingness to pay, capturing all consumer surplus. An example given in your material is college financial aid, where universities charge tuition based on a family's financial situation, thereby extracting the maximum possible payment from each family.

2. **Challenges with Perfect Price Discrimination**: The main challenges include preventing resale and knowing individual reservation prices, which are often difficult to determine accurately.

3. **Self-Selecting Price Discrimination**: This involves offering a menu of options to consumers, allowing them to select based on their willingness to pay. Although not all consumer surplus is captured, information rents are earned from higher-type consumers, who pay more because they value the service or product more highly.

4. **Factors Affecting Reservation Price**: A consumer's reservation price can be affected by the characteristics of the good, substitutes, complements, and personal preferences. Firms may try to increase this price through quality improvements or marketing strategies.

5. **Examples and Applications**: The material discusses real-world examples like Disney's uniform pricing and electronic price tags for personalized pricing, illustrating how price discrimination can be applied in practice.

Understanding these concepts will help you recognize how firms use price discrimination to maximize profits and how consumer behavior plays a role in pricing strategies.","9_pricediscr_single.pdf, 9_pricediscr_single.pdf, 9_pricediscr_single.pdf",8,6877,599,6132,273,Good,,
2026-01-21T03:54:02.755552Z,As74fsicmfDDKKQC,mgt405,MGT 405 MMD,MGT 405 MMD,2itm2KlwMTobvzRj6rYPog,What is a shadow price?,"A shadow price is a concept often used in linear programming and optimization problems. It represents the change in the objective function's optimal value per unit increase in the right-hand side of a constraint. In simpler terms, it tells you how much the optimal value of your objective function would improve (or worsen) if you could relax a particular constraint by one unit.

For example, if you're maximizing profit in a production problem and one of your constraints is the availability of a resource, the shadow price would indicate how much additional profit could be made if you had one more unit of that resource available.

In the context of the course material you provided, shadow prices would be relevant when analyzing the constraints for different mixes, such as the Luxury Mix constraints. If you were to increase the percentage requirement for cashews, brazils, or hazelnuts by a small amount, the shadow price would tell you how much this change would impact your objective function, assuming all other conditions remain optimal. Shadow prices are important for understanding the sensitivity of your solution to changes in the constraints.",ss#2.pdf,1,4686,379,4147,187,Good,,
2026-01-21T03:54:35.534367Z,As74fsicmfDDKKQC,mgt405,MGT 405 MMD,MGT 405 MMD,qlPhjJQcGGZ9SmKtLPUW4A,How does framing work?,"It looks like I don't have specific course material related to framing. However, I can give you a general idea of what framing is and how it works.

Framing is a concept often used in communication and decision-making. It refers to the way information is presented to people, which can significantly influence their perception and decisions. Here's a simple explanation:

1. **Presentation**: The same information can lead to different interpretations depending on how it's presented. For example, saying ""90% fat-free"" versus ""contains 10% fat"" can lead to different perceptions, even though they are equivalent.

2. **Context**: The context in which information is delivered can affect how it's received. For instance, framing a public health message in terms of potential losses (e.g., ""If you don't get vaccinated, you could catch the disease"") might be more compelling than framing it in terms of gains (e.g., ""If you get vaccinated, you will stay healthy"").

3. **Emphasis**: Highlighting certain aspects of information while downplaying others can shape people's understanding and response. For example, a news story might focus on the economic impacts of a policy rather than its environmental benefits, leading to a different public perception.

Understanding framing can be useful across various fields, from marketing and politics to behavioral economics. If you have more specific questions or examples about framing, feel free to ask!",,0,9581,473,8961,221,Bad,Content on framing exists in course files ,
2026-01-21T03:55:28.575342Z,As74fsicmfDDKKQC,mgt405,MGT 405 MMD,MGT 405 MMD,MoF7N1hyKgshfiNaGF619Q,"Does the optimal solution change, When you change an objective coefficient by an amount within its allowable range?","Based on the course material, when you change an objective coefficient by an amount within its allowable range, the optimal solution does not change. This is because the allowable range indicates the limits within which you can adjust a coefficient without affecting the current optimal solution. For instance, in the provided examples, changes within the allowable range (such as an increase from 40 to 45) do not change the optimal solution, although they may affect the objective function value.","lect03 (2).pdf, lect03 (2).pdf, lect03 (2).pdf",8,3744,959,2636,79,Good,,
2026-01-21T03:55:45.171503Z,As74fsicmfDDKKQC,mgt405,MGT 405 MMD,MGT 405 MMD,v4CRu60T6tFV7Lz9odCc1w,"Does the optimal solution change, When you change the RHS of a non-binding constraint within its allowable range?","In the context of linear programming and sensitivity analysis, a **non-binding constraint** is one that does not ""bind"" the solution at the optimal point. This means that changing the right-hand side (RHS) of a non-binding constraint within its allowable range typically does not affect the optimal solution.

From the provided course materials, we know that changing the RHS of a non-binding constraint within its allowable range should not change the optimal solution itself. This is because the optimal solution is determined by the constraints that are binding at that point.

However, it's important to remember that while the actual solution might not change, other aspects like the objective function value (OFV) might still change if the cost or profit associated with that solution is affected by the change in RHS. But the key takeaway is that the combination of decision variables that form the optimal solution will remain the same within the allowable range for a non-binding constraint.

If you have further questions or need clarification on specific points, feel free to ask!","lect03 (2).pdf, lect03 (2).pdf, lect03 (2).pdf",8,3383,290,2941,173,Good,This is also an answer to a quiz question. How do we prevent copy and pasting of these?,
2026-01-21T03:57:05.764671Z,As74fsicmfDDKKQC,mgt405,MGT 405 MMD,MGT 405 MMD,gvLBocxgHwY_KP0t_wluOQ,"What would happen If there were no demand constraints in the GlobChem problem but the rest of the data remained the same (i.e., if GlobChem could sell all it could produce)?","In the context of the GlobChem problem, demand constraints typically limit the amount of product that can be sold in each market or region. If these demand constraints were removed, it would imply that GlobChem could sell an unlimited amount of the product. 

Here's what could happen in such a scenario:

1. **Production Increase**: Without demand constraints, GlobChem might increase production to the maximum capacity of its plants to meet the perceived unlimited demand. 

2. **Revenue Impact**: With the ability to sell all it can produce, the company could see a significant increase in revenue, assuming there are no other limiting factors like production capacity or resource constraints.

3. **Capacity Constraints**: The production might still be limited by the capacity of the plants. Even if there is no demand constraint, the maximum output would be determined by the production capabilities of the facilities in Newark, Los Angeles, Rotterdam, and Kuala Lumpur.

4. **Resource Constraints**: Other constraints, such as the availability of raw materials or labor, could also limit the ability to increase production.

5. **Cost Implications**: Increasing production to the plant's full capacity could lead to higher variable costs, and it might also affect fixed costs if there is a need for additional resources or overtime.

6. **Market Strategy**: Without demand constraints, GlobChem might also reevaluate its market strategy, potentially looking for new markets or pricing strategies to maximize profits.

It is important to consider all these factors when analyzing the impact of removing demand constraints on the production and sales process.","lect08 (1).pdf, ss#2sol.pdf",2,6641,551,5938,252,Good,,
2026-01-21T03:58:01.439697Z,As74fsicmfDDKKQC,mgt405,MGT 405 MMD,MGT 405 MMD,Tj9ibv-bl5ype4NYj_520A,"When there are fixed costs of operating a plant in the GlobChem problem (which requires the use of binary integer variables in the model), will the optimal solution will always be different from what we get without fixed costs (regardless of the magnitude of fixed costs)?","The question you're asking relates to how fixed costs can impact the optimal solution in a decision-making model, particularly when using a binary integer programming approach.

When you include fixed costs in a model, especially with binary variables that determine whether a plant is operational or not, the solution can indeed change from a model without those fixed costs. Here's why:

1. **Binary Variables for Operations**: Binary variables (often 0 or 1) are used to indicate whether a plant is operational. This setup is necessary to model fixed costs because a fixed cost is only incurred if the facility is active.

2. **Impact of Fixed Costs**: Including fixed costs can make the operation of a plant less attractive if the costs are high relative to the potential revenue or cost savings from operating the plant. In some cases, this could lead to a situation where the optimal solution is to not operate certain plants at all, which would be different from a solution where fixed costs are ignored.

3. **Magnitude of Fixed Costs**: The magnitude of the fixed costs is important. If the fixed costs are very small, the effect on the solution might be minimal, and the optimal solution might remain the same as in the scenario without fixed costs. However, if the fixed costs are substantial, they could significantly alter the optimal decisions.

In summary, while the optimal solution can often change when you include fixed costs in your model, the actual outcome depends on the relative size of these costs compared to other costs and revenues in your model. If the fixed costs are negligible, the solution may not differ much, but with significant fixed costs, the solution is likely to change.","ss#2sol.pdf, ss#2.pdf, lect06 (1).pdf",8,6547,305,6088,285,Good,,
2026-01-21T03:59:34.304422Z,As74fsicmfDDKKQC,mgt405,MGT 405 MMD,MGT 405 MMD,RPPh8chRFpor6BKbLw_6Wg,"How would I model the constraint for the following scenarion? In a model containing two variables 
 X and Y, where X is a positive continuous value and Y
 is binary integer, we wish to include the constraint that Y
 becomes 1 when X > 20.  There is a cost attached to Y in the objective function, so it would stay at 0 unless forced to be 1.","To model the constraint where a binary integer variable \( Y \) becomes 1 when a continuous variable \( X \) exceeds 20, you can use a big-M approach. This is a common technique in linear programming to model such logical conditions involving binary variables.

Here's a general guide on how to set it up:

1. **Define the Variables:**
   - \( X \): A positive continuous variable.
   - \( Y \): A binary variable (0 or 1).

2. **Constraint Logic:**
   - You want \( Y \) to be 0 when \( X \leq 20 \).
   - You want \( Y \) to be 1 when \( X > 20 \).

3. **Big-M Constraint:**
   - Introduce a large constant \( M \) which represents an upper bound for \( X \).
   - You can set up the constraint as:
     \[
     X \leq 20 + M \times Y
     \]
   - Here, when \( Y = 0 \), \( X \) must be \( \leq 20 \).
   - When \( Y = 1 \), the constraint becomes non-restrictive since \( X \) can be as large as \( 20 + M \).

4. **Objective Function:**
   - Since there is a cost associated with \( Y \) being 1, ensure that the objective function includes this cost. This will keep \( Y \) at 0 whenever \( X \leq 20 \), as long as the objective function is minimized.

This method will ensure that \( Y \) only becomes 1 when \( X \) exceeds 20, due to the cost penalty associated with \( Y = 1 \). Make sure to choose an \( M \) value that is appropriately large compared to the possible values of \( X \) but not excessively large to avoid numerical issues.","ss#2.pdf, ss#2sol.pdf, lect03 (2).pdf",8,7283,446,6675,294,Good,This is also an answer to a quiz question. How do we prevent copy and pasting of these?,
2026-01-21T04:01:23.289152Z,As74fsicmfDDKKQC,mgt405,MGT 405 MMD,MGT 405 MMD,P8wa0pAb3KnNPMUD2Y0VlA,Please help me understand problem 4 from Self-Study Problem Set #2,"Problem 4 from Self-Study Problem Set #2 involves creating a linear programming model for an advertising mix problem. Here’s a breakdown of how you might approach it:

1. **Define Decision Variables**: Decide what your decision variables will be. For an advertising campaign, these might include the amount of money to allocate to different advertising channels (e.g., TV, radio, online).

2. **Objective Function**: Determine what you are trying to optimize. Given the context, this would likely be maximizing the reach or effectiveness of the advertising campaign within the given budget of $100,000.

3. **Constraints**: Identify the constraints you are working with. This could involve:
   - Budget constraint: ensuring the total spending does not exceed $100,000.
   - Minimum or maximum spending limits on specific advertising channels if specified.

4. **Formulate the Model**: Using the decision variables, objective function, and constraints, you would formulate a linear programming model. This involves writing mathematical expressions for each component.

If you’d like more specific direction on formulating the linear program, try to identify the key elements above from the problem description, and think about how they translate into mathematical expressions. This is a typical approach for linear programming formulation problems. Let me know if you need more clarification on any part of this process!","ss#1.pdf, ss#1sol.pdf, ss#2sol.pdf",8,7078,678,6259,208,Good,,
2026-01-21T04:03:00.079860Z,As74fsicmfDDKKQC,mgt405,MGT 405 MMD,MGT 405 MMD,5Ay9ChoebBEsWA7dGSQtbw,Please help me understand problem 2 from Self-Study Problem Set #4,"I'm sorry, but I couldn't find any information or content specifically related to Self-Study Problem Set #4 in the provided course materials. If you have other details or specific concepts from the problem that you're struggling with, feel free to share, and I'll do my best to help explain those concepts based on the available materials.","ss#1.pdf, ss#1sol.pdf, ss#2sol.pdf",8,4251,339,3765,56,Bad,"Problem set exists in course files and should have been retrieved 

Note after the fact: Did work with single doc TA

Response in multi-doc TA remained bad even after re-indexing",
2026-01-21T04:04:28.881847Z,As74fsicmfDDKKQC,mgt405,MGT 405 MMD,MGT 405 MMD,GX6SgHg9P-3rLcZQZJakOw,Can you explain EVPI with an example?,"EVPI stands for Expected Value of Perfect Information. It is a concept used in decision analysis to determine the value of having perfect information before making a decision. Essentially, it measures how much a decision-maker would be willing to pay to know the outcome of an uncertain event in advance.

Here's a simple example to illustrate EVPI:

Imagine you are deciding whether to carry an umbrella based on the probability of rain. You have two options:

1. Carry the umbrella (which is inconvenient but keeps you dry if it rains).
2. Don't carry the umbrella (which is convenient but risks getting wet if it rains).

Let's say the probability of rain is 50%, and the inconvenience of carrying the umbrella is valued at $10, while getting wet costs you $30.

Without perfect information, you might calculate the expected value of each decision and choose the one with the lower cost. However, if you had perfect information (i.e., you knew for sure whether it would rain or not), you could make the optimal decision every time.

The EVPI is the difference between the expected value of the decision with perfect information and the expected value of the decision without it. It represents the maximum amount you would be willing to pay for perfect information.

To compute EVPI, you would:

1. Calculate the expected cost of each decision without perfect information.
2. Determine the cost if you had perfect information (you would choose to carry the umbrella only if it rains, and not carry it if it doesn't).
3. Subtract the cost with perfect information from the cost without it to find the EVPI.

This concept can be applied to various decision-making scenarios, including financial investments, strategic business decisions, and more. It helps quantify the benefit of reducing uncertainty in decision-making processes.","lect06 (1).pdf, ss#2.pdf, Rapid v Confirmatory Testing for a Time-Sensitive Treatment (1).pdf",3,9915,735,9011,300,Good,,
2026-01-21T04:05:05.915506Z,Rp1Lp2Ra5apTH04d,mgt410,MGT410 Competitor,MGT410 Competitor,yhDiCEHbP0SjnY-KU8mWzg,Please explain the 5 (really 6) forces,"Porter’s 5 Forces framework is a tool used to analyze the competitive dynamics within an industry. It originally consisted of five forces, but in your course, an additional force has been added, making it six. Here is a summary of these forces:

1. **Threat of New Entrants**: This force examines how easy or difficult it is for new competitors to enter the industry. Factors influencing this include barriers to entry, economies of scale, and brand loyalty.

2. **Bargaining Power of Buyers**: This force looks at the power that customers have to drive prices down. This is influenced by the number of buyers, the importance of each individual buyer to the business, and the cost to the buyer of switching from one supplier to another.

3. **Bargaining Power of Suppliers**: This examines how much power suppliers have over the price of goods and services. When there are few substitutes, suppliers can exert more power.

4. **Rivalry Among Existing Competitors**: This force focuses on the intensity of competition between existing firms in the industry. High rivalry limits profitability and can lead to aggressive price wars.

5. **Threat of Substitutes**: This force considers the likelihood of customers finding a different way of doing what you do. If substitutes are easy to find and affordable, it increases the threat level.

6. **Additional Force - Government/Regulation and Technology**: In your course, there is an added focus on the role of government regulation and technology. These factors can greatly influence the industry by altering barriers to entry, modifying competitive dynamics, or even reshaping the industry structure.

These forces collectively help analyze the overall industry attractiveness and the average profitability potential. Understanding these forces can help firms strategize to improve their competitive position within the industry.","Industry_Analysis_Class.pdf, Overview.pdf, Industry_Analysis_Class.pdf",8,10452,865,9435,289,Ok,Slight factual error: complements are 6th force ,
2026-01-21T04:05:37.293266Z,Rp1Lp2Ra5apTH04d,mgt410,MGT410 Competitor,MGT410 Competitor,ik2AWbzIV3_YH_VxJHLRCg,"Please explain cournot quantity competition, ideally with an example","Cournot quantity competition is an economic model used to describe an industry structure where firms compete on the quantity of output they decide to produce, rather than on the price. This model assumes that each firm makes its output decision assuming the output levels of its competitors are fixed.

Here's a basic summary of how it works:

1. **Firms and Products**: In a Cournot model, there are usually a few firms producing homogeneous (identical) products. Each firm decides how much quantity to produce.

2. **Strategic Decision**: Each firm chooses its quantity based on the quantities chosen by its rivals, aiming to maximize its own profit. They do this under the assumption that their rival’s output will remain constant.

3. **Equilibrium**: The equilibrium in this model, known as the Cournot-Nash equilibrium, occurs when no firm can increase its profit by unilaterally changing its output level, given the output levels of the other firms.

4. **Example**: Imagine two firms, A and B, that produce the same product. Each firm decides independently how much to produce. If firm A increases its output, the market supply goes up, which typically lowers the market price and can reduce profits for both firms. Firm B will then react to this change in market conditions by adjusting its own output. This interaction continues until neither firm can improve its profit by changing its output level, reaching the Cournot-Nash equilibrium.

In the context of your course materials, consider the example of GoodGas, GreenHydro, and CleanH2. Before CleanH2 enters, GoodGas and GreenHydro are likely competing in a Cournot-like setting where they decide on the quantity of hydrogen to produce, considering the capacity and output decisions of the other firm. When CleanH2 enters, it changes the dynamics of the market, influencing the equilibrium quantities each firm will produce.

This model is particularly useful for understanding competition in oligopolistic markets where firms have significant market power but must consider the actions of their competitors.","exam_competitor_2024_without solutions.pdf, exam_competitor_2024_without solutions.pdf, exam_competitor_2024_without solutions.pdf",8,11105,547,10401,323,Good,,
2026-01-21T04:05:55.539737Z,Rp1Lp2Ra5apTH04d,mgt410,MGT410 Competitor,MGT410 Competitor,Su3g8_CISVIpgQtg0K5Crg,How does the first mover advantage work in Cournot?,"In the context of Cournot competition, the concept of a first-mover advantage doesn't directly apply because, in the traditional Cournot model, firms choose their quantities simultaneously. This means that no firm moves first or has a strategic advantage in timing over the other.

However, when we discuss a first-mover advantage, we are usually referring to the Stackelberg model rather than Cournot. In the Stackelberg model, the first-mover advantage is significant because one firm (the leader) commits to a quantity before the other firm (the follower). This allows the leader to influence the follower’s decision. The leader can strategically choose a higher quantity, which then limits the follower’s ability to produce a high quantity profitably. As a result, the leader can achieve a higher profit than it would in a simultaneous-move game like Cournot.

In summary, the first-mover advantage is a key feature of the Stackelberg model, where firms move sequentially, rather than the Cournot model, where firms move simultaneously.","Cournot Stackelberg (2).pdf, Cournot Stackelberg (2).pdf, Cournot Stackelberg (2).pdf",8,7454,910,6392,159,Good,,
2026-01-21T04:06:19.395907Z,Rp1Lp2Ra5apTH04d,mgt410,MGT410 Competitor,MGT410 Competitor,Mrp-8Wh4bCkBTlNX7zVI6w,How do repeated interactions change cournot?,"In a repeated Cournot competition, the interaction between firms is extended over multiple rounds, which introduces the possibility for firms to modify their strategies based on the outcomes of previous rounds. This can lead to different strategic considerations compared to a single-shot Cournot game.

Here are some key points about how repeated interactions change the dynamics in Cournot competition:

1. **Strategy Development**: In repeated games, firms can develop strategies that are contingent on past actions. For example, a firm might choose to cooperate by producing less than the competitive quantity if they believe the other firm will do the same. This can potentially increase profits for both firms over time.

2. **Punishments and Cooperation**: Repeated interactions allow for the possibility of ""punishments"" if one firm deviates from a cooperative strategy. For example, if one firm chooses a higher quantity to maximize short-term profits, the other firm might retaliate in future rounds by increasing its own quantity, reducing profits for both firms. This threat of retaliation can sustain cooperation.

3. **Grim Trigger Strategy**: One common strategy in repeated Cournot games is the ""Grim Trigger"" strategy. Under this strategy, firms start by cooperating (e.g., producing a lower quantity than the competitive level), but if any firm deviates, they switch to the competitive quantity forever. This creates a strong incentive to maintain cooperation.

4. **Discount Factor (𝛿)**: The probability of continuing to the next round (denoted as 𝛿) plays a critical role. A higher 𝛿 means firms value future profits more, which can make cooperation more attractive as they have more to gain from sustaining it over time.

Overall, repeated interactions can lead to more cooperative outcomes that resemble collusion, as firms have the opportunity to punish deviations and value future interactions more heavily. The Folk Theorem is relevant here, as it suggests that a wide variety of outcomes can be sustained as equilibria in repeated games, depending on the strategies and discount factors involved.","Repeated Games and Repeated Cournot (1) (1).pdf, Repeated Games and Repeated Cournot (1) (1).pdf, Repeated Games and Repeated Cournot (1) (1).pdf",8,14286,375,13758,322,Good,,
2026-01-21T04:07:01.601131Z,Rp1Lp2Ra5apTH04d,mgt410,MGT410 Competitor,MGT410 Competitor,jSq1G-LuCE3fxSBJP3qfpA,Please explain coopetition with an example,"Coopetition is a strategic concept where competing firms collaborate in certain areas while still maintaining competition in others. This approach allows them to leverage each other's strengths, share resources, reduce costs, or enter new markets, all while continuing to compete in other aspects of their business.

An example of coopetition can be seen in the technology industry, where companies might collaborate on developing industry standards or technologies that benefit the entire sector. For instance, Apple and Samsung, while competitors in the smartphone market, have engaged in coopetition. Samsung provides components for Apple's products, such as screens and chips, even though they compete fiercely in the consumer electronics market.

This collaborative effort allows both companies to benefit from each other's expertise and capabilities, while still striving to outperform each other in terms of product sales and market share. It’s a strategic balance between cooperation in specific areas and competition in others.","exam_competitor_2024_without solutions.pdf, exam_competitor_2024_without solutions.pdf, exam_competitor_2024_without solutions.pdf",8,5922,487,5283,150,Good,,
2026-01-21T04:07:26.035088Z,Rp1Lp2Ra5apTH04d,mgt410,MGT410 Competitor,MGT410 Competitor,8G5ByUZ4aKnXlGfFXpPSoA,Can you walk me through problem 2a in part 1 of the 2024 exam step by step?,"I couldn't find specific content related to problem 2a in part 1 of the 2024 exam from the provided materials. However, if you describe the problem or the topic it covers, I can help guide you through the concepts or steps typically involved in solving such problems based on general course material. Feel free to provide more details!","exam_competitor_2024_without solutions.pdf, exam_competitor_2024_without solutions.pdf, exam_competitor_2024_without solutions.pdf",8,2458,427,1881,58,Bad,"Problem set exists in course files and should have been retrieved easily

Note after the fact: Did NOT even work with single doc in dedicated TA",
2026-01-21T04:07:59.160334Z,Rp1Lp2Ra5apTH04d,mgt410,MGT410 Competitor,MGT410 Competitor,KLuD69G6msDAfO9-UZJEJQ,Can you walk me through problem 3a in part 2 of the 2024 exam step by step?,"Certainly! Problem 3a in Part 2 of your exam involves discussing possible strategies Goodgas and GreenHydro can use to sustain collusive quantities without having a formal cartel. Here’s a guided approach to help you think through the problem:

1. **Understanding Collusion**: Collusion refers to an agreement between firms to limit competition, often by setting prices or production levels. When firms collude, they usually aim to act as a monopoly to maximize joint profits.

2. **Sustaining Collusion without a Formal Cartel**: Without a formal agreement, firms must rely on implicit strategies to maintain collusion. Here are some strategies they might consider:
   - **Price Leadership**: One firm could act as a price leader, setting prices that others follow. This requires a clear understanding that deviating from the leader’s price might trigger a price war.
   - **Signaling**: Firms could use public announcements or other signals to convey their pricing intentions without direct communication.
   - **Tit-for-Tat Strategy**: This is a repeated game strategy where a firm responds to the other firm's previous action. If one firm cuts prices, the other does the same, deterring deviations from the collusive strategy.

3. **Challenges and Considerations**:
   - **Detection and Punishment**: Firms need mechanisms to detect cheating and punish it effectively. If a firm lowers prices secretly, the benefits of collusion might break down.
   - **Market Conditions**: The feasibility of these strategies depends on market transparency, the number of players, and the presence of market entrants.

4. **Application to Goodgas and GreenHydro**:
   - Consider their market environment. Are there many competitors, or are they the main players? How easy is it for them to observe each other's actions?
   - Reflect on their cost structures and product differentiation. Are they selling similar products, or is there significant differentiation?

Using these points, try to draft a few potential strategies that Goodgas and GreenHydro might use. Consider how effective these strategies would be based on the market conditions and potential challenges they might face.","exam_competitor_2024_without solutions.pdf, exam_competitor_2024_without solutions.pdf, exam_competitor_2024_without solutions.pdf",8,12502,886,11466,323,Good,,
2026-01-21T04:08:56.862457Z,Rp1Lp2Ra5apTH04d,mgt410,MGT410 Competitor,MGT410 Competitor,qLWiBuFPzbI6XfuKTkng9Q,"I am having trouble with the preparation questions for ""Monday, Nov 3—Oligopoly in Action IV: Competition with differentiated products (Yang)"". Specifically question a). Can you walk me through it?","Certainly! Let's discuss the concepts involved in the preparation questions for ""Monday, Nov 3—Oligopoly in Action IV: Competition with differentiated products.""

In this scenario, we have two firms, A and B, that are positioned on a unit interval between 0 and 1. Consumers are uniformly distributed along this interval, meaning every point along the interval has the same density of consumers.

Here are some key concepts to consider:

1. **Location and Consumer Choice**: Firm A is located at position 0 and Firm B is at position 1. Consumers choose between these firms based on their location along the interval and the perceived ""distance cost"" to them. This cost represents the inconvenience or added expense of choosing a firm that is further away from their location.

2. **Differentiated Products**: Even though the products might be similar, the differentiation comes from the firms' locations. Consumers will weigh the cost of traveling to each firm against the price of the product.

3. **Equilibrium**: You should think about how these factors influence the pricing strategies of the firms and the equilibrium in this market. In a differentiated products setting, firms will often set prices to capture consumers who are closer to their location, considering the trade-off between attracting more consumers and maintaining a higher price.

To approach question a), consider how the uniform distribution of consumers and the positioning of the firms affect the market dynamics. Think about how each firm's location gives it a certain competitive advantage over the other and how they might price their products accordingly to maximize their market share.

Reflect on these elements and how they might influence firm strategies and consumer decisions. This will help you form a foundational understanding to answer the preparation question.","Competitor 2025_Dec 2, 2025..pdf, Competitor 2025_Dec 2, 2025..pdf, Competitor 2025_Dec 2, 2025..pdf",8,11100,267,10682,287,Good,,
2026-01-21T04:09:56.035069Z,Rp1Lp2Ra5apTH04d,mgt410,MGT410 Competitor,MGT410 Competitor,H9G1989DkfTuY_wkUuj9Uw,"Can you help me understand what to do for problem 1a in the preparation questions for Monday, Nov 10 in the syllabus?","It looks like the preparation questions for November 10th, which are related to transfer pricing and double marginalization, are part of the course material. However, the specific content of problem 1a is not directly available in the provided materials.

Based on the topic of transfer pricing and double marginalization, you might want to consider how transfer pricing affects the pricing decisions and profitability within a vertically integrated firm. Double marginalization occurs when each division within a firm adds its own markup, leading to higher prices and potentially reducing overall firm profit.

For problem 1a, consider how these concepts might apply to a hypothetical scenario where a firm must decide how to set transfer prices between divisions. Think about the implications of different transfer pricing strategies on the firm's total profit and the incentives of individual divisions.

If you have access to the full syllabus or any additional materials provided by your instructor, it would be helpful to refer to them for more detailed instructions on the preparation questions.","Competitor 2025_Dec 2, 2025..pdf, Competitor 2025_Dec 2, 2025..pdf, Competitor 2025_Dec 2, 2025..pdf",8,5632,275,5213,168,Bad,Problem set exists in course files and should have been retrieved easily,
2026-01-23T02:20:10.056944Z,9POnVb2Y4t_PYZcn,singledoctest,Single Doc Test TA,Single Doc Test TA,Ea3bO1TPcbfOSFjEDz0TnQ,Can you help me understand how to book transaction a) from the Grow Co. 1 assignment in T-accounts?,"Certainly! Let's walk through how to record transaction a) using T-accounts.

Transaction a) states that sales were $501.7 million, all made on account. This means that the sales did not involve an immediate exchange of cash, but rather an increase in accounts receivable.

Here's how you can think about this transaction in the context of T-accounts:

1. **Accounts Receivable**: Since the sales were made on account, this account will increase. You would record a debit (left side) of $501.7 million to Accounts Receivable. Debiting accounts receivable reflects the increase in the amount owed to the company by customers.

2. **Sales Revenue**: To balance the entry, you will credit (right side) the Sales Revenue account by $501.7 million. Crediting sales revenue reflects the increase in revenue from the sales made.

In summary, the T-account entries would look like this:

- **Accounts Receivable**
  - Debit: $501.7 million

- **Sales Revenue**
  - Credit: $501.7 million

This entry ensures that the increase in assets (Accounts Receivable) is matched by an increase in equity through revenue (Sales Revenue), keeping the accounting equation balanced. If you have more specific questions about this or need further guidance, feel free to ask!","Class 5. Grow Co. I.pdf, Class 5. Grow Co. I.pdf, Class 5. Grow Co. I.pdf",6,8281,1522,5593,194,Good,This query failed before when asked to a TA with ALL course documents in it but succeeded here when the TA solely had the course document to look at. This seems like a retrieval issue.,
2026-01-23T02:21:45.333484Z,9POnVb2Y4t_PYZcn,singledoctest,Single Doc Test TA,Single Doc Test TA,-sC2ujoKpZXvFBuZk3-pJQ,Can you help me understand how to book transaction h) from the Grow Co. 1 assignment in T-accounts?,"Certainly! Let's look at how to record transaction h) in T-accounts. Transaction h) states that the interest expense was $15.9.

To book this transaction in T-accounts, you need to consider the following:

1. **Interest Expense Account**: This account will be debited because an expense increases on the debit side. So, you will record a debit of $15.9 in the Interest Expense T-account.

2. **Cash or Interest Payable Account**: Depending on whether the interest was paid in cash or is still payable at the year-end, you'll either credit the Cash account or the Interest Payable account. If it was paid, credit Cash by $15.9. If it was not paid, credit Interest Payable by $15.9.

Here's a simplified view of what the T-accounts would look like:

- **Interest Expense**
  - Debit: $15.9

- **Cash** or **Interest Payable**
  - Credit: $15.9

This transaction reflects the recognition of interest expense and its corresponding impact on either cash or payables.","Class 5. Grow Co. I.pdf, Class 5. Grow Co. I.pdf, Class 5. Grow Co. I.pdf",6,6892,1025,5688,155,Good,This query failed before when asked to a TA with ALL course documents in it but succeeded here when the TA solely had the course document to look at. This seems like a retrieval issue.,
2026-01-23T02:53:33.398544Z,9POnVb2Y4t_PYZcn,singledoctest,Single Doc Test TA,Single Doc Test TA,hQ8Gu7lUX9T4jZgQXBQYFg,Please help me with problem 1a from the game theory extra problem set,"To address problem 1a from the game theory extra problem set, we're looking at a simultaneous-move game involving two players. The task is to find Player 1's dominant strategy, if any.

A dominant strategy is one that results in a better payoff for a player, regardless of what the other player does. In other words, no matter what strategy Player 2 chooses, Player 1's dominant strategy will always give them the highest payoff.

To determine if Player 1 has a dominant strategy, you should compare the payoffs for each of Player 1's strategies (T, M, B) across all possible strategies of Player 2 (L, C, R). For each strategy of Player 2, check which strategy gives Player 1 the highest payoff. If one of Player 1's strategies consistently results in a higher payoff than the others, then that strategy is dominant.

Here's how you can approach it:

1. Look at Player 1's payoffs when Player 2 chooses L:
   - Compare T, M, and B for Player 1.

2. Do the same for when Player 2 chooses C.

3. Repeat for when Player 2 chooses R.

After comparing, if you find that one of Player 1's strategies is consistently better than the others across all of Player 2's choices, then that is Player 1's dominant strategy. If no single strategy is consistently better, then Player 1 does not have a dominant strategy. Try working through these comparisons, and you'll be able to determine if a dominant strategy exists.","Game Theory Extra Problem Set.pdf, Game Theory Extra Problem Set.pdf, Game Theory Extra Problem Set.pdf",8,10518,1830,7286,247,Good,This query failed before when asked to a TA with ALL course documents in it but succeeded here when the TA solely had the course document to look at. This seems like a retrieval issue.,
2026-01-23T02:54:12.850414Z,9POnVb2Y4t_PYZcn,singledoctest,Single Doc Test TA,Single Doc Test TA,1c5QDsVsmfNR8k1kWP4cMQ,Please help me with problem 7a from the game theory extra problem set,"Problem 7a from the Game Theory Extra Problem Set asks about the appropriate economic model to study price competition in a local pizza market where two shops are located close to each other. 

The scenario described is a classic example of a duopoly, where two firms are competing in the same market. A common model to analyze such a situation is the Bertrand model of price competition. In this model, firms compete by setting prices, and the firm with the lower price captures the entire market. If both firms set the same price, they share the market equally.

To apply this model, consider the following:
- Each shop wants to maximize its daily profits based on the price it sets.
- Customers will choose the shop offering the lower price.
- Both shops will continue to undercut each other until reaching a point where further price reductions would not cover costs or increase profits.

This model helps predict the competitive behavior of the shops and the potential equilibrium price they might settle on.

If you have any more specific questions on this topic, feel free to ask!","Game Theory Extra Problem Set.pdf, Game Theory Extra Problem Set.pdf, Game Theory Extra Problem Set.pdf",8,9846,3195,6493,187,Good,This query failed before when asked to a TA with ALL course documents in it but succeeded here when the TA solely had the course document to look at. This seems like a retrieval issue.,
2026-01-23T13:30:37.202504Z,eRzHakv4s5nrJFp1,mgt402,MGT 402 Accounting,MGT 402 Accounting,gy9ezQbehMpEV-MPOFz5Yg,Can you help me understand how to book transaction a) from the Grow Co. 1 assignment in T-accounts?,"I couldn't find specific content related to the ""Grow Co. 1 assignment"" in the provided course materials. However, I can guide you on how to book transactions using T-accounts in general.

When you're recording a transaction in T-accounts, you'll need to identify which accounts are affected and whether each account is debited or credited. Here’s a basic framework you can use:

1. **Identify the Accounts Involved**: Determine which accounts are impacted by the transaction. Typically, each transaction will affect at least two accounts.

2. **Determine the Type of Accounts**: Know whether the accounts are assets, liabilities, equity, revenue, or expenses. This will help you understand how to increase or decrease each account.

3. **Apply the Double-entry Accounting Rule**: 
   - **Assets** increase with a debit and decrease with a credit.
   - **Liabilities** decrease with a debit and increase with a credit.
   - **Equity** decreases with a debit and increases with a credit.
   - **Revenues** decrease with a debit and increase with a credit.
   - **Expenses** increase with a debit and decrease with a credit.

4. **Record the Transaction**: 
   - For each account affected, enter the appropriate amount in the debit or credit column of the T-account.
   - Ensure the total debits equal the total credits to maintain the accounting equation balance.

If you have the specific details of the transaction (e.g., what is being exchanged, the values involved), I can help guide you through how to apply these principles to that transaction.","Self-study_class9_solutions.pdf, Self-study_class9_solutions.pdf, Amazon Exercise.pdf",8,15264,2762,7450,241,Bad,"This query failed before in multi-doc TA, then worked in single doc TA and now failed again in multi doc TA after reindexing. Indexing itself does not seem to be the problem",
2026-01-23T23:11:57.277357Z,eRzHakv4s5nrJFp1,mgt402,MGT 402 Accounting,MGT 402 Accounting,zWGoN3atYJ3LrYksd1umvA,Can you help me understand how to book transaction a) from the Grow Co. 1 assignment in T-accounts?,"To help you understand how to book transaction a) from the Grow Co. 1 assignment in T-accounts, let's go over the basics of double-entry bookkeeping and how T-accounts function.

1. **Double-Entry Bookkeeping Basics**:
   - Every transaction affects at least two accounts.
   - For every debit entry, there must be an equal credit entry to keep the accounting equation balanced: Assets = Liabilities + Shareholders’ Equity.
   - Debits increase asset and expense accounts, while they decrease liability, equity, and revenue accounts.
   - Credits decrease asset and expense accounts, while they increase liability, equity, and revenue accounts.

2. **Using T-Accounts**:
   - A T-account is a visual representation of an account that shows debits on the left and credits on the right.
   - When recording transactions, you determine which accounts are affected and whether each account is debited or credited.

3. **Understanding the Transaction**:
   - Without the specifics of transaction a), let's assume it involves two accounts, one of which is an asset account, and the other is a liability or equity account.
   - If transaction a) involves an increase in an asset and an increase in a liability, you would debit the asset account and credit the liability account.

For a specific transaction, identify the accounts involved, decide whether each account should be debited or credited based on the nature of the transaction, and then record these in the respective T-accounts.

If you can share the specifics of transaction a), I can give more tailored guidance on how to think through the booking of that transaction.","Class 5. Grow Co. I.pdf, Class 5. Grow Co. I.pdf, Class_4_2025.pdf",8,13287,692,11568,254,Bad,"This query failed before in multi-doc TA, then worked in single doc TA and now failed again in multi doc TA after reindexing. Indexing itself does not seem to be the problem",
2026-01-23T23:14:15.461510Z,9POnVb2Y4t_PYZcn,singledoctest,Single Doc Test TA,Single Doc Test TA,ufwTZu7zr7BwpnP35fRiTQ,Can you help me understand how to book transaction a) from the Grow Co. 1 assignment in T-accounts?,"Sure! Let's go through how to record transaction a) in T-accounts.

Transaction a) states: ""Sales were $501.7, all made on account.""

When sales are made on account, it means that the company has sold goods or services and will receive payment in the future. This affects two accounts: Sales Revenue and Accounts Receivable.

Here's how you can record this transaction using T-accounts:

1. **Accounts Receivable (Asset):** 
   - **Debit** Accounts Receivable for $501.7 million because this increases the amount owed to the company by customers.

2. **Sales Revenue (Revenue):**
   - **Credit** Sales Revenue for $501.7 million because this represents the income earned from the sales.

In summary, the entry in the T-accounts would look like this:

- **Accounts Receivable**  
  - Debit: $501.7 million

- **Sales Revenue**  
  - Credit: $501.7 million

This entry reflects the increase in assets (Accounts Receivable) and the recognition of revenue from sales. Let me know if you have any other questions about this process!","Class 5. Grow Co. I.pdf, Class 5. Grow Co. I.pdf, Class 5. Grow Co. I.pdf",6,5991,283,5555,157,Bad,"This query failed before in multi-doc TA, then worked in single doc TA and now failed again in multi doc TA after reindexing. Indexing itself does not seem to be the problem",
2026-01-23T23:30:59.744453Z,9POnVb2Y4t_PYZcn,singledoctest,Single Doc Test TA,Single Doc Test TA,JKSVnoRPfErugv9Yogfqrg,Can you walk me through problem 2a in part 1 of the 2024 exam step by step?,"I'm sorry, but I couldn't find specific details about problem 2a from Part 1 of the 2024 exam in the provided material. The document snippets primarily include instructions, general exam information, and some examples of questions from other sections. If you have more context or details about the problem, feel free to share them, and I can help guide you through the concepts related to it.","exam_competitor_2024_without solutions.pdf, exam_competitor_2024_without solutions.pdf, exam_competitor_2024_without solutions.pdf",8,3541,593,2788,66,Bad,This query failed in the multi-doc TA for the entire course AND failed here when the doc containing the content was the only doc in the TA,
2026-01-23T23:31:13.630445Z,9POnVb2Y4t_PYZcn,singledoctest,Single Doc Test TA,Single Doc Test TA,BwnRyEinn-Hy_ZvZnkT8gw,Can you walk me through problem 2a in part 1 of the 2024 exam step by step?,"I wasn't able to find the specific content for problem 2a in part 1 of the 2024 exam in the provided material. However, I can help guide you on how to approach a typical problem of this nature.

In general, when tackling exam problems, here are some steps you can consider:

1. **Understand the Problem:**
   - Carefully read the problem statement to identify what is being asked. Look for keywords or phrases that indicate the main topic or concept being tested.

2. **Identify Relevant Information:**
   - Determine what information you have been given and what is required to find the solution. This might involve noting down any formulas, theories, or principles that apply to the problem.

3. **Plan Your Approach:**
   - Think about the steps you need to take to solve the problem. This might include setting up equations, drawing diagrams, or breaking the problem into smaller parts.

4. **Execute the Plan:**
   - Carry out your plan step by step. Be sure to show your work clearly and logically, as this will help you keep track of your thought process and make it easier to check your work.

5. **Review Your Solution:**
   - Once you have reached a solution, review your steps and calculations to ensure that they make sense and that you have answered the question asked.

If you have specific concepts or materials you need help with, feel free to ask!","exam_competitor_2024_without solutions.pdf, exam_competitor_2024_without solutions.pdf, exam_competitor_2024_without solutions.pdf",8,9944,511,9269,233,Bad,This query failed in the multi-doc TA for the entire course AND failed here when the doc containing the content was the only doc in the TA,
2026-01-21T04:11:43.185972Z,LH3or1-b0Pxw1csv,mgt412,MGT 412 Investor,MGT 412 Investor,yPjcBy60LI2DNkm5vvRr5g,Please explain homework 1 problem 1c,"Problem 1(c) from Homework 1 asks about calculating the net real return on an investment, given the nominal returns and the rate of inflation.

Here's a breakdown of the steps you might consider:

1. **Calculate Gross Return**: This is the total return received from the investment, including dividends and changes in stock price. It is typically calculated as:
   \[
   \text{Gross Return} = \frac{\text{(Ending Price - Starting Price) + Dividends}}{\text{Starting Price}}
   \]

2. **Calculate Net Return**: This is the return after accounting for any costs or fees. In most simple cases like this one, it will be the same as the gross return if no other costs are mentioned.

3. **Calculate Real Return**: This adjusts the nominal return for the effects of inflation. It can be calculated using the formula:
   \[
   \text{Real Return} = \frac{1 + \text{Nominal Return}}{1 + \text{Inflation Rate}} - 1
   \]

   Alternatively, a simpler approximation often used is:
   \[
   \text{Real Return} \approx \text{Nominal Return} - \text{Inflation Rate}
   \]

For problem 1(c), you'll need to apply these steps to find the net real return considering the inflation rate given as 2.2%. Make sure to use the correct formula for the real return to adjust for inflation properly!","hw1 (1).pdf, hw1 (1).pdf, hw1 (1).pdf",8,10104,899,9060,198,Good,,
2026-01-21T04:12:22.276311Z,LH3or1-b0Pxw1csv,mgt412,MGT 412 Investor,MGT 412 Investor,gLSvA_4y_arPR8mtjPiISg,Please explain homework 2 problem 2b,"In Homework 2, problem 2b involves analyzing Mr. B's asset allocation. Mr. B has total assets of $400,000, with 40% allocated to his house and 60% to riskless T-Bills. The 40% allocation in his house is fixed because he doesn't want to sell it.

To address problem 2b, you need to assess the expected return and variance of Mr. B's portfolio based on different weight allocations. Specifically, you might need to calculate these metrics for different combinations of the assets Mr. B holds. 

Here's a breakdown of the steps you might consider:

1. **Understand the Allocation**: Mr. B's current allocation is fixed at 40% for his house. The remaining 60% is in T-Bills, which are considered riskless.

2. **Expected Return Calculation**: The expected return of a portfolio is calculated as the weighted average of the expected returns of the individual assets. You'd need the expected returns for the house and T-Bills to compute this.

3. **Variance Calculation**: Since T-Bills are riskless, their variance is zero, and the variance of the portfolio would depend only on the house's allocation variance. You may not need to calculate this if the focus is on the combination of risky and riskless assets.

4. **Utility Function**: The problem also involves Mr. B's utility function, which is given as \( U(E, S) = E(r) - \gamma S^2 \). Here, \( E(r) \) is the expected return, and \( S \) is the standard deviation of the portfolio. The coefficient of risk aversion \( \gamma \) is 2. This function helps determine Mr. B's preference based on different allocations.

In this problem, you are likely comparing different allocations based on their expected utility. Try calculating the expected return and variance for the given weights and see how they influence the utility function. This will guide you to determine which allocation is more favorable for Mr. B.","hw2.pdf, hw2.pdf, hw2.pdf",8,10149,674,9326,309,Good,too much latex??,
2026-01-21T04:15:43.221111Z,LH3or1-b0Pxw1csv,mgt412,MGT 412 Investor,MGT 412 Investor,6yp1bYwjbS8yDXod9OItZg,Please explain homework 3 problem 2c,"Homework 3 problem 2c involves comparing two measures of risk: standard deviation (or variance) and beta (β) as used in the CAPM (Capital Asset Pricing Model).

Here is a breakdown of these concepts:

1. **Standard Deviation/Variance (S²):** This measure captures the total risk of a stock's return. It includes both systematic risk (market risk) and idiosyncratic risk (unique to the stock). It reflects how much a stock's returns can deviate from the expected return, indicating volatility.

2. **Beta (β):** This specifically measures systematic risk, which is the portion of a stock's risk that is correlated with the overall market risk. It indicates how much the stock's returns move relative to the market returns. A beta greater than 1 implies that the stock is more volatile than the market, while a beta less than 1 suggests it is less volatile.

In the context of the CAPM, beta is used because it isolates the systematic risk, which is the risk that investors are compensated for taking on. The CAPM assumes that investors can diversify away idiosyncratic risk, so they are primarily concerned with systematic risk, which affects all stocks to some extent.

When considering risk in terms of the CAPM, beta makes more sense because it directly relates to the expected returns through the market risk premium. However, if you're concerned with total volatility or risk from an individual stock's perspective, standard deviation or variance may be more relevant.

In answering this problem, you should discuss why one measure might be more applicable than the other based on the context of risk you are analyzing (systematic risk in CAPM versus total risk including idiosyncratic factors).","hw3.pdf, hw3.pdf, hw3.pdf",6,11705,458,11083,273,Good,,